Total,,Title of reading,Author,Source,University of Washington,University of Minnesota,Portland State,UCLA,Berkeley,Michigan,Oreg,FSU,WISC,McGill,Rutgers,Oklahoma
6,,The Weakening Transportation-Land Use Connection,"Giuliano, Genevieve","Access, 6.",1,1,,1,1,,,1,,,1,
5,,Jobs-Housing Balance Revisited: Trends and Impacts in the San Francisco Bay Area,"Cervero, R.",Journal of American Planning Association,,1,,1,1,1,,1,,,,
4,,Travel by Design,"Crane, R. ",Access 12,,,,1,1,1,1,,,,,
4,,Access to Choice,"Levine, J.",Access,,1,,1,1,1,,,,,,
3,,Land use and transportation planning in response to congestion problems: A review and critique,"Deakin, Elizabeth",Transportation Research Record,,,1,1,1,,,,,,,
3,,The Transportation-Land Use Connection Still Matters,"Cervero, Robert and John Landis","Access, 7",1,,,1,,,,,,,1,
3,,The Political Context of Transportation Policy,Martin Wachs,The Geography of Transportation,1,,,1,1,,,,,,,
3,,Are Compact Cities a Desirable Planning Goal?,"Gordon, Peter and Harry Richardson",Journal of the American Planning Association,1,1,,1,,,,,,,,
3,,Is Los Angeles-Style Sprawl Desirable?,"Ewing, Reid",Journal of the American Planning Association,1,,,,1,,,,,,1,
3,,Can Land-Use Policy Really Affect Travel?,"Boarnet, Marlon and Sharon Sarmiento",Urban Studies,1,1,,,1,,,,,,,
3,,Why Go Anywhere?,"Cervero, R.",Scientific American,,1,,1,1,,,,,,,
3,,Middle-age sprawl: BART and urban development,"Landis, J. and R. Cervero",Access 14,,1,,1,1,,,,,,,
3,,Transito-focused development and light rail systems: the lite connection,"Porter, D.",Transportation Research Record 1305,,,,1,1,,,,,1,,
3,,Rail Transit and Joint Development: Land Market Impacts in Washington D.C. and Atlanta,"Cervero, Robert",Journal of the American Planning Association,,1,,,1,,,1,,,,
3,,Best Development Practices,"Ewing, Reid",Best Development Practices: Doing the Right Thing and Making It at the Same Time,,1,,,1,,,,,,1,
3,,Is Jobs-Housing Balance a Transportation Issue?,"Giuliano, G.",Transportation Research Record,,,,,1,1,,1,,,,
2,,The Geography of Urban Transportation,"Hanson, Susan.",The Geography of Urban Transportation,1,,1,,,,,,,,,
2,,Jobs-housing balancing and regional mobility,"Cervero, Robert",Journal of the American Planning Association,,,1,,,,,1,,,,
2,,New directions for understanding transportation and land use,"Giuliano, Genevieve",Environment and Planning,,,1,,1,,,,,,,
2,,Our Nation's Travel: 1995 NTPS Early Results Report,Our Nation's Travel: 1995 NTPS Early Results Report,http://www-cta.ornl.gov/npts/1995/Doc/index.shtml,1,,,1,,,,,,,,
2,,Transportation and Land Use,"Pickrell, Don", Transportation Economics and Policy,1,,,,,,,,,1,,
2,,"Urban Transportation Planning in the United States, ch 11-14, p 9 and 18, pp30-33(Highway Act of 1956), pp69-74(NEPA), pp81-83, 93-97 (Mass Transit)","Weiner, Ed",Urban Transportation Planning in the United States,1,,,,1,,,,,,,
2,,Do Highways Matter?,Boarnet/Brookings,Do Highways Matter?,1,,,1,,,,,,,,
2,,"Sustainability and Cities: Overcoming Automobile Dependence, Chapter 2","Newman, Peter and Jeffrey Kenworthy",Sustainability and Cities: Overcoming Automobile Dependence,1,,,,,,,,1,,,
2,,"Research on Pro-Sprawl Players and Messages, Chapter 2 pp.9-15 in Traffic Calming",Sprawl Watch Clearinghouse. 2000,Research on Pro-Sprawl Players and Messages. www.sprawlwatch.org/communications.html,1,,,1,,,,,,,,
2,,Regional vs. Local Accessibility: Implications for Non-work Travel,"Handy, Susan",Transportation Research Record 1400,1,,,,1,,,,,,,
2,,Seattle Monorail Project,,http://www.elevated.org/,1,,,1,,,,,,,,
2,,Do New Highways Generate Traffic?,"Hansen, M.",Access 7,,,,1,1,,,,,,,
2,,"Land use impacts of transportation investments: highway and transit, ch 13","Giuliano, G.",The Geography of Urban Transportation,,,,1,1,,,,,,,
2,,The relatioship between Transit and Urban Form,"Cervero, R. and S. Seskin","Transit cooperative research program, research results digest",,,,1,1,,,,,,,
2,,The land-use impacts of urban rail transit systems,"Huang, H.",Journal of Planning Literature,,,,1,1,,,,,,,
2,,Light rail transit and urban development,"Cervero, R.",Journal of American Planning Association,,,,1,1,,,,,,,
2,,New highways and conomic growth: rethinking the link,"Boarnet, M.",Access 7,,,,1,1,,,,,,,
2,,Neo-traditional development: the debate,"Handy, S.",Berkeley Planning Journal,,,,1,1,,,,,,,
2,,How Neighborhood Design Affects Travel,"McNally, M.",ITS Review,,,,1,1,,,,,,,
2,,"Neotraditional Town Planning: Cars, Pedestrains, and Transit","Bookout, L.",Urban Land,,,,1,,,,1,,,,
2,,An Evaluation of Neotraditional Design's Social Prescription: Postmodern Placebo or Remedy for Suburban Malaise?,"Audirac, I. and A. Shermyen",Journal of Planning Education and Research,,,,1,1,,,,,,,
2,,Cars and drivers in the new suburbs: linking access to travel in neotraditional planning,"Crane, R",Journal of American Planning Association,,,,1,,,,,1,,,
2,,What happens when mobility-inclined market segments face accessibility-enhancing policies,Salomon I. And P. Mokhtarian,Transportation Research D.,,,,1,1,,,,,,,
2,,"Residential Patterns and Transit, Autodependence and Costs","Holtzclaw, J.",San Francicso: Research Defense Council,,,,1,1,,,,,,,
2,,Rethinking accessibility and jobs-housing balance,"Levine, J.",Journal of American Planning Association,,,,1,1,,,,,,,
2,,Tracking accessibility,"Cervero, R.",Access 11,,,,1,1,,,,,,,
2,,Tracking accessibility: emploument and housing opportunities in the San Francisco Bay Area,"Cervero, R.and T. Rood and B. Appleyard",Environment and Planning A,,,,1,1,,,,,,,
2,,Transport planning for urban area: a retrospective look and future prospects,"Meyer, M.",Journal of Advanced Transportation,,,,1,1,,,,,,,
2,,Federal transportation policy and the role of metropolitan planning organizations,"Lewis, P. and Sprague M.",San Francicso: Public Policy Institute of California,,,,1,1,,,,,,,
2,,Light-rail-transit impacts in portland,"Dueker, K. and M. Bianco",Transportation Research Record,,,,1,1,,,,,,,
2,,Southern California: Transit Villages in the Heartland of the Automobile,"Bernick, M. and R. Cervero",Transit Villages for 21st Century,,,,1,1,,,,,,,
2,,"Learning from Los Angles: Transport, Urban Form, and Air Quality","Wachs, M.",Transportation,,,,1,1,,,,,,,
2,,San Diego: Protecting paradise,"Dunphy, R.",oving Beyond Gridlock: Traffic and Development,,,,1,1,,,,,,,
2,,The Influence of Urban Form on Travel: An Interpretive Review,"Crane, Randall",Journal of Planning Literature,,1,,,1,,,,,,,
2,,"Demographics, Changing Preferences, and Travel","Dunphy, R.","Moving Beyond Gridlock: Traffic and Development, Urban Land Institute",,1,,,1,,,,,,,
2,,Urban Traffic: A Function of Land Use,"Mitchell, R. B. and C. Rapkin",Urban Traffic: A Function of Land Use,,1,,,1,,,,,,,
2,,Operational Urban Models: State-of-the-Art,"Wegener, M.",Journal of the American Planning Association,,1,,,1,,,,,,,
2,,Walkable Suburbs? An Evaluation of Neotraditional Communities at the Urban Edge,"Southworth, Michael",Journal of the American Planning Association,,1,,,,,,,1,,,
2,,There’s no There There: Or Why Neighborhoods Don’t Really Develop Near Light-Rail Transit Stations,"Loukaitou-Sideris, A. and T. Banerjee",Access,,1,,1,,,,,,,,
2,,Are compact cities a dersirable plannin goal?,P. Gordon and H. Richardson,Journal of American Planning Association,,,,,1,,,,,,1,
2,,Reorienting metropolitan land use and transportation policies in the USA,"Atash, F.",Land Use Policy,,,,,1,,,,,1,,
2,,Transportation and Urban Form: Stages in the Spatial Evolution of the American Metropolis,"Muller, Peter O",The Geography of Urban Transportation,,,,,1,1,,,,,,
2,,Beyond Speed: The Next Generation of Transportation Performance Measures,"Ewing, R.",Performance Standards for Growth Management,,,,,1,,,,,,1,
2,,Comprehensive Regional Modeling for Long-Range Planning Linking Integrated Urban Modes and Geographic Information System,"Johnston, R. and de la Berra, T.",Transportation Research A,,,,,1,,,,,1,,
2,,Urban Activity System Analysis,"Meyer, Michael and E. Miller",Urban Transportation Planniniz: A Decision Oriented Approach,,,,,1,,,,,1,,
2,,Impacts of Commuter Rail Service as Reflected in Single‑Family Residential Property Values,"Armstrong, R.",Transportation Research Record,,,,,1,,,1,,,,
2,,"Transportation-Land-Use Interaction:  Empirical Findings in North America, and their Implications for Modeling","Badoe, D. and E. Miller",Transportation Research D,,,,,1,1,,,,,,
2,,Travel and the Built Environment ‑ Synthesis,"Ewing, R. and Cervero, R.",Transportation Research Record (forthcoming) (on disk) (ITS),,,,,1,,,,,,1,
2,,Commuting in Transit Versus Automobile Neighborhoods,"Cervero, R. and Gorham, R",Journal of the American Planning Association ,,,,,1,,,1,,,,
2,,Effects of Neotraditional Neighborhood Design on Travel Characteristics,"Friedman, B., S. Gordon, and J. Peers",Transportation Research Record,,,,,1,,,,,1,,
2,,"Accessibility of Neotraditional Neighborhoods: A Review of Design Concepts, Policies, and Recent Literature","Ryan, S. and M. McNally",Transportation Research,,,,,1,,,1,,,,
2,,Linking Land Use with Household Vehicle Emissions in the Central Puget Sound: Methodological Framework and Findings,"Frank, L., B. Stone, and W. Bachman",Transportation Research D,,,,,1,,,,,1,,
2,,Residential Density and Travel Patterns: Review of the Literature,"Steiner, R",Transportation Research Record ,,,,,1,,,,,1,,
2,,"The Impacts of Mixed Use and Density on the Utilization of Three Modes of Travel: The Single Occupant Vehicle, Transit, and Walking","Frank, L. and Pivo",Transportation Research Record,,,,,1,,,,,1,,
2,,Impacts of Traffic Calming,"Ewing, R.",Transportation Quarterly,,,,,1,,,,1,,,
2,,Urban spatial structure,"Anas, A., Amott, R., and Small, K. A.",Journal of Economic Literature,,,,,,,,1,,1,,
2,,"""Introduction"", ""Market Force that Determine Urban Land-use and Transportation Patterns"" And ""The Interaction of Public Policy with the Market Forces that Drive Land Use and Transportation'","Moore, Terry and Paul Thorsnes",The Transportation/Land Use Connection,,,1,,,,,,,,,1
2,,Ideal Policies for Increasing the Efficiency of Travel and Land-Use Patterns,"Moore, Terry and Paul Thorsnes",The Transportation/Land Use Connection,,,1,,,,,,,,,1
2,,Second-Best Policies for Increasing the Efficiency of Land-Use and Travel Patterns,"Moore, Terry and Paul Thorsnes",The Transportation/Land Use Connection,,,1,,,,,,,,,1
2,,"""A Process for Integrated Land-Use and Transportation Policy"", ""Creating Coordinated Land-Use and Transportation Policy"" and Appendix A","Moore, Terry and Paul Thorsnes",The Transportation/Land Use Connection,,,1,,,,,,,,,1
2,,Chpt's. 10&11,"Downs, Anthony",Stuck in Traffic,,,1,,,,,,,,,1
2,,The Geography of Urban Transportation. Chpt.2,"Hanson, Susan",The Geography of Urban Transportation,,,1,,,,,,,,,1
2,,Neotraditional Neighborhood Planning,Packet #1,,,,1,,,,,,,,,1
2,,"Transit-friendly streets, TCRP Report 33",Transportation Research Board,"Transit-friendly streets, TCRP Report 33",,,1,,,,,,,,,1
2,,Access Management,Packet #3,,,,1,,,,,,,,,1
2,,"Transportation and Land Development,, Chpt's 2&3","Stove, Vergil and Frank Koepke","Transportation and Land Development,",,,1,,,,,,,,,1
2,,Gasoline Consumption and Cities: A Comparison of U.S. Cities with a Global Survey.,"Newman, Peter & Jeffrey Kenworthy",APA Journal,,,,,,,,1,1,,,
1,,New directions for understanding transportation and land use.,"Giuliano, Genevieve.",Environment and Planning,,,1,,,,,,,,,
1,,"Urban Economics and Public Policy, ch.6 and ch.4","Heilbrun, James",Urban Economics and Public Policy,,,,,1,,,,,,,
1,,"Urban Economics and Public Policy, ch.8","Heilbrun, James",Urban Economics and Public Policy,,,1,,,,,,,,,
1,,"Urban Economics, ch.19, ch.20","O’Sullivan, ArthurUrban Economics",,,,1,,,,,,,,,
1,,"Jobs, housing, and transportation: Theory and evidence on interactions between land use and transportation","Deakin, Elizabeth","Transportation, Urban Form, and the Environment",,,1,,,,,,,,,
1,,Inside The Blackbox: Making Transportation Models Work For Livable Communities,"Beimborn, Edward and Rob Kennedy",Citizens for a Better Environment and The Environmental Defense Fund,,,1,,,,,,,,,
1,,Choosing the wrong technology: Or how to spend billions and reduce transit use,"Kain, John F.",Journal of Advanced Transportation,,,1,,,,,,,,,
1,,Regional governance of metropolitan form: The missing link in relating land use and transportation,"Porter, Douglas R.","Transportation, Urban Form, and the Environment",,,1,,,,,,,,,
1,,"Transit Metropolis: A Global Inquiry, (pp. 72-81)","Cervero, Robert",Transit Metropolis,,,,,,,,1,,,,
1,,"Transit Metropolis, ch 2, 4, 5","Cervero, Robert",Transit Metropolis,1,,,,,,,,,,,
1,,Remedies that Increase Residential Densities,"Downs, Anthony",Stuck in Traffic,,,,,1,,,,,,,
1,,"""Causes of Recent Increases in Traffic Congestion"", ""Strategies for Reduceing Congestion and Four Traffic Principles"", ""Increasing Carrying Capacity"", ""Peak-Hour Road Pricing"", and ""Demand-Side Remedies that Focus on Behavior"" ch.1-5","Downs, Anthony",Stuck in Traffic,1,,,,,,,,,,,
1,,"""Remedies that Increase Residential Densities"" ch.6","Downs, Anthony",Stuck in Traffic,,,,1,,,,,,,,
1,,"""Introduction"", ""Causes of Recent Increases in Traffic Congestion"", ""Strategies for Reduceing Congestion and Four Traffic Principles"" and ""Increasing Carrying Capacity""","Downs, Anthony",Stuck in Traffic,,,,,,,,,,,,1
1,,"""Peak-Hour Road Pricing"", ""Demand-Side Remedies that Focus on Behavior"", ""Remedies that Increase Residential Densities"" and Appendix A","Downs, Anthony",Stuck in Traffic,,,,,,,,,,,,1
1,,"""Changing the Jons-Housing Balance"", Concentrating Jobs in Large Clusters"" and ""Local Growth-Management Polices""","Downs, Anthony",Stuck in Traffic,,,,,,,,,,,,1
1,,"""Changing the Jons-Housing Balance"" and ""Concentrating Jobs in Large Clusters"", ch.7-8","Downs, Anthony",Stuck in Traffic,,,1,,,,,,,,,
1,,"Stuck in Traffic,61-75","Downs, Anthony",Stuck in Traffic,,,,,,,,,1,,,
1,,"Stuck in Traffic,l-34","Downs, Anthony",Stuck in Traffic,,,,,,,,,1,,,
1,,"Stuck in Traffic,79-111","Downs, Anthony",Stuck in Traffic,,,,,,,,,1,,,
1,,"Stuck in Traffic,7-42","Downs, Anthony",Stuck in Traffic,,,,,,,,,1,,,
1,,Transport Concepts in European Cities,"Pharoah, Tim and Dieter Apel",Transport Concepts in European Cities,,,1,,,,,,,,,
1,,The Transportation/Land Use Connection,"Newman, P. and J. Kenworthy",The Transportation/Land Use Connection,,,1,,,,,,,,,
1,,Automobile subsidies and land use: Estimates and policy responses,"Hanson, Mark E.",Journal of the American Planning Association,,,1,,,,,,,,,
1,,Land uses and travel at suburban activity centers,"Cervero, Robert",Transportation Quarterly,,,1,,,,,,,,,
1,,Inside The Blackbox: Making Transportation Models Work For Livable Communities,"Bullard, Robert D. and Glenn S. Johnson",Citizens for a Better Environment and The Environmental Defense Fund,,,1,,,,,,,,,
1,,"Transportation Planning on Trial, ch 1,2 ","Garret, Mark and Martin Wachs",Transportation Planning on Trial,1,,,,,,,,,,,
1,,"At Road's End, pp5-9","Carlson, Daniel and Cy Ulberg",At Road's End,1,,,,,,,,,,,
1,,"Managing Growth in America's Communities, Chapters 1, 8.","Porter, Doug",Managing Growth in America's Communities,1,,,,,,,,,,,
1,,Legislation: http://www.ocd.wa.gov/info/lgd/growth/law/index.tpl  Also see: http://www.ocd.wa.gov/info/lgd/growth/vision.tpl#toc,,The Washington Growth Management Act,1,,,,,,,,,,,
1,,My Fair Share: Equity Issues in Urban Transportation,"Hodge, David",Geography of Transportation,1,,,,,,,,,,,
1,,http://www.friends.org/resources/lutraq.html,,http://www.friends.org/resources/lutraq.html,1,,,,,,,,,,,
1,,"Expanding Metropolitan Highways, Chapters 4-6",TRB,Expanding Metropolitan Highways,1,,,,,,,,,,,
1,,"How to ""Build Our Way Out of Congestion"": Innovative Approaches to Expanding Urban Highway Capacity. Reason Public Policy Institute","Samuel, Peter","How to ""Build Our Way Out of Congestion"": Innovative Approaches to Expanding Urban Highway Capacity. Reason Public Policy Institute",1,,,,,,,,,,,
1,,Restoring the Rule of Law,"Burrington, Stephen",Restoring the Rule of Law,1,,,,,,,,,,,
1,,"Transit and Urban Form, Chapters 1-3",PBDQ,Transit and Urban Form,1,,,,,,,,,,,
1,,"The Urban Transportation Problem, Pricing","Kain, John F",Transportation Economics and Policy,1,,,,,,,,,,,
1,,Conservatives and Mass Transit: Is It Time for a New Look?,Weyrich and Lind,Conservatives and Mass Transit: Is It Time for a New Look?,1,,,,,,,,,,,
1,,"Does Transit Really Work? Thoughts on the Weyrich/Lind ""Conservative Reappraisal""","Gordon, Peter",Reason Public Policy Institute,1,,,,,,,,,,,
1,,"""Road Relief""","Litman, Komanoff, Howell","""Road Relief""",1,,,,,,,,,,,
1,,The Transportation Pricing Working Group Summary Report,"Carlson, Daniel and Mathew Kitchen",Northwest Forum and Puget Sound Regional Council,1,,,,,,,,,,,
1,,Congestion Pricing: New Life for an Old Idea?,"Small, Kenneth",Access,1,,,,,,,,,,,
1,,Will Congestion Pricing Ever Be Adopted?,"Wachs, Martin",Access,1,,,,,,,,,,,
1,,An Evaluation of Public Opinion About Toll Roads and Congestion Pricing,"Ulberg, Cy and Gordon MacFarland",,1,,,,,,,,,,,
1,,Pricing,"Gómez-Ibáñez, José",Transportation Economics and Policy,1,,,,,,,,,,,
1,,TDM Encyclopedia,Litman,http://www.vtpi.org/tdm/,1,,,,,,,,,,,
1,,Alternatives to Sprawl,"Young, Dwight",Lincoln Institute of Land Policy,1,,,,,,,,,,,
1,,Transportation and Growth Management ,Cy Ulberg,Transportation and Growth Management ,1,,,,,,,,,,,
1,,Is The American Dream Endless Sprawl?: Smart Growth and Its Meaning for People and Places,"Liberty, Robert",Is The American Dream Endless Sprawl?: Smart Growth and Its Meaning for People and Places,1,,,,,,,,,,,
1,,The Sprawling of America: In Defense of the Dynamic City,"Staley, Samuel",Reason Public Policy Institute,1,,,,,,,,,,,
1,,"On Form versus Function: Will the New Urbanism Reduce Traffic, of Increase It?","Crane, Randall",Journal of Planning Education and Research,1,,,,,,,,,,,
1,,Creating Livable Communities,,http://www.newurbanism.org/,1,,,,,,,,,,,
1,,"The New Urbanism: an alternative to modern, automobile-oriented planning and development","Steuteville, Robert", http://www.newurbannews.com/AboutNewUrbanism.html,1,,,,,,,,,,,
1,,About the King County TOD Program: ,,http://www.metrokc.gov/kcdot/alts/tod/todindex.htm ,1,,,,,,,,,,,
1,,PSRC: Destination 2030,,http://psrc.org/projects/mtp/dest2030links.htm,1,,,,,,,,,,,
1,,PSRC: 1998 Regional Review,, http://psrc.org/datapubs/pubs/regrev98.htm,1,,,,,,,,,,,
1,," ""Rural Church Issue Still Simmering.""",,Seattle Times,1,,,,,,,,,,,
1,,Least Cost Planning Analysis for Destination 2030:,,http://psrc.org/datapubs/pubs/mtp/leastcostplanning.htm,1,,,,,,,,,,,
1,,Litman: Evaluating Transportation Equity,,http://www.islandnet.com/~litman/,1,,,,,,,,,,,
1,,Blue Ribbon Commission Final Report,,http://ltc.leg.wa.gov/brct/,1,,,,,,,,,,,
1,,Seattle's Comprehensive Plan,,http://www.ci.seattle.wa.us/planning/homecp.htm,1,,,,,,,,,,,
1,,Seattle's Transportation Plan,,http://www.ci.seattle.wa.us/td/tsp.asp,1,,,,,,,,,,,
1,,Bellevue's Comprehensive Plan,,http://www.ci.bellevue.wa.us/PCD/complan/index.htm,1,,,,,,,,,,,
1,,WSDOT Corridor Needs Study for East King County: ,,http://www.wsdot.wa.gov/mobility/conekc/coneKC%20html/intro.html,1,,,,,,,,,,,
1,,Sound Transit Link Light Rail:,,http://www.soundtransit.org/linkrail/linkrail.htm,1,,,,,,,,,,,
1,,WSDOT Interstate 405 Corridor Program,,http://www.wsdot.wa.gov/I-405/,1,,,,,,,,,,,
1,,The WSDOT Translake Project,,http://www.wsdot.wa.gov/translake/,1,,,,,,,,,,,
1,,A Broader Context for Transportation Planning: Not Just An End In Itself,"Dittmar, H.",Journal of the American Planning Association,,,,1,,,,,,,,
1,,Hell on wheels,"Kay, J.",Planning,,,,1,,,,,,,,
1,,Cars and Their Enemies,"Wilson, J.",Commentary 104,,,,1,,,,,,,,
1,,The Trouble with Traffic,"Boanrnet, M. and R. Crane",Travel by Design,,,,1,,,,,,,,
1,,Voting with Our Wheels,"Jones, D.",Paper presented at Financing the Future: The UCLA Symposium on the Transportation-Land Use-Air Quality Connection,,,,1,,,,,,,,
1,,The Asphalt Rebellion,"Ehrenhalt, A",Governing,,,,1,,,,,,,,
1,,Smart Transportation for Smart Growth,"Pickrell, Don","Smart Growth: Economy, Community, Environment",,,,1,,,,,,,,
1,,Where's the Sprawl?,"Gordon, P. and H. Richardson",Journal of the American Planning Association,,,,1,,,,,,,,
1,,"Sprawl: What Don't We Know and How Can we know it?""","Crane, R. lland R. Greenstein",UCLA and the lincon insitute of land pilicy,,,,1,,,,,,,,
1,,"Transportation and Urban Form: Stage in the spatial in the evolution of the american metropolis, Ch. 2","Muler, P.",The geography of urban Transportation,,,,1,,,,,,,,
1,,"Demographics, changing preference, and travel","Dubphy, R.",Moving beyond gridlock:traffic and deveopment,,,,1,,,,,,,,
1,,"Aggregate Characteristic of Urban Travel, pp. 81- 99","Baber, G.",The geography of urban Transportation,,,,,1,,,,,,,
1,,"Aggregate Characteristic of Urban Travel, Ch 4","Baber, G.",The geography of urban Transportation,,,,1,,,,,,,,
1,,Travel Demand,"Small, K.",Urban transportation Economics,,,,1,,,,,,,,
1,,"Recent advances in urban transportation planning methods, models, and research techniques","Ferguson, E.",Journal of Planning Education and Research,,,,1,,,,,,,,
1,,The demand for travel,"Boarnet, M. and R. Crane",Travel by Design,,,,1,,,,,,,,
1,,Induced travel: a review of recent liturature and the implications for transportation and environment policy,"Noland, R. and L. Lem",Tranportation Research D,,,,1,,,,,,,,
1,,The New Urbanism: Toward an Architecture of Community,"Katz, P.",Mcgraw-Hill,,,,1,,,,,,,,
1,,"Travel Demand and the 3Ds: density, diversity, and design","Cervero, R. and K. Kockelman",Transportation Research D.,,,,1,,,,,,,,
1,,Walkable suburbs? An evaluation of neotraditional communities at the urban edge,"Southworh, M.",Journal of the American Planning Association,,,,1,,,,,,,,
1,,Studies of urban form and travel,"Boarnet, M. and R. Crane",Travel by Design,,,,1,,,,,,,,
1,,An empirical study of travel behavior,"Boarnet, M. and R. Crane",Travel by Design,,,,1,,,,,,,,
1,,Traditional Neighborhoods and Auto Ownership,"Hess, D. and P. Ong.","Lewis Center Working Paper, UCLA",,,,1,,,,,,,,
1,,Mixed land uses and commuting: evidence from the American housing survery,"Cervero, R.",Transportation Research 31A,,,,1,,,,,,,,
1,,Can welfare recipients afford to work far from home?,"Blumenberg, E. and P. Ong.",Access 10,,,,1,,,,,,,,
1,,"Spatial mismatch or automobile mismatch? An examination of race, residence, and communting in U. S. metropilitan areas","Taylor, B. and P. Ong.",Urban Studies,,,,1,,,,,,,,
1,,The influence of uncertain job location on urban form and the journal to work,"Crane, R.",Journal of Urban Economics,,,,1,,,,,,,,
1,,Highway blues: nothing a little accessibility can't cure,"Handy, S. ",Access ,,,,1,,,,,,,,
1,,A note on supply and demand in travel access,"Crane, R., D. Van Hengel and L. Schweitzer",UCLA Working Paper,,,,1,,,,,,,,
1,,"When finance leads planning: urban planning, highway planning, and metropolitan freeways in California","Toyor, B",Journal of Planning Education and Research,,,,1,,,,,,,,
1,,Hardwiring corrdination among land-use and transportation agencies,"Lerner-lam, E.",Journal of Urban Planning and Development,,,,1,,,,,,,,
1,,The evolution of transportation policy in Los Angles,"Wachs, M.",The City: Los Angles and Urban Theory at the End of Twentieth Century,,,,1,,,,,,,,
1,,Portland Oregon: land use as a mobility tool,"Gakenheimer, R. with J. Wagner and N. Rouffin","MIT Cooperative Mobility Program Discussion Paper 98-5-1, May",,,,1,,,,,,,,
1,,A case study of planning,"Boarnet, M. and R. Crane",Travel by Design,,,,1,,,,,,,,
1,,Hayek and town planning: a note on Hayek's views towards town planning in The Constitution of Liberty,"Lai, L.W.C.",Environment and Planning A,,1,,,,,,,,,,
1,,The Difficult Character of Property: To Whom Do Things Belong,"Krueckeberg, D. ",Journal of the American Planning Association,,1,,,,,,,,,,
1,,Not in My Neighborhood: Alternative Lifestyles and Municipal Family Definitions,"Ritzdorf, Marsha",Lifestyles: Family and Economic Issues,,1,,,,,,,,,,
1,,The Rational Locator: Why Travel Times Have Remained Stable,"Levinson, David and Ajay Kumar",Journal of the American Planning Association,,1,,,,,,,,,,
1,,"Activity, Travel, and the Allocation of Time","Levinson, David and Ajay Kumar",Journal of the American Planning Association,,1,,,,,,,,,,
1,,"Space, Money, Life-cycle, and the Allocation of Time","Levinson, David",Transportation,,1,,,,,,,,,,
1,,"Neighborhood Services, Trip Purpose and Tour-based Travel","Krizek, Kevin J",,,1,,,,,,,,,,
1,,Travel for the fun of it,"Moktarian, P. L. and I. Salomon",Access,,1,,,,,,,,,,
1,,Residential Relocation and Changes in Urban Travel: Does Neighborhood Urban-Scale Matter?,"Krizek, Kevin J",,,1,,,,,,,,,,
1,,’Hardwiring’ Coordination among Land-Use and Transportation Agencies,"Lerner-Lam, Eva",Journal of Urban Planning and Development,,1,,,,,,,,,,
1,,Renegotiating Metropolitan Consciousness: The Twin Cities Faces Its Future,"Martin, Judith",Metropolitan Governance Revisited: American/Canadian Intergovernmental Perspectives,,1,,,,,,,,,,
1,,The Portland region: Where city and suburbs talk to each other—and often agree,"Abbott, Carl",Housing Policy Debate,,1,,,,,,,,,,
1,,Local Land Use and the Chain of Exclusion,"Pendall, Rolf",Journal of the American Planning Association,,1,,,,,,,,,,
1,,Smart Scorecard for Development Projects,"Fleissig, Will and Vickie Jacobsen",,,1,,,,,,,,,,
1,,"Transportation, Land Use, and Public Policy","Giuliano, G",TR News,,1,,,,,,,,,,
1,,New Directions for Understanding Transportation and Land Use,"Giuliano, G",Environment and Planning A,,1,,,,,,,,,,
1,,State Growth Management: Intergovernmental Frameworks and Policy Objectives,"Bollens, Scott A",Journal of the American Planning Association,,1,,,,,,,,,,
1,,"“Shaping the New Suburbia” and “Actors, Preferences, and Political Institutions in Urban Development.” ","Lewis, Paul",Shaping Suburbia: How Political Institutions Organize Urban Development,,1,,,,,,,,,,
1,,The Limits to Growth Management. Environment and Planning ,"Levinson, D.",Planning and Design,,1,,,,,,,,,,
1,,The Effects of Land Use Constraints on Housing Prices,"Pollakowski, Henry O. and Wachter, Susan M.",Land Economics,,1,,,,,,,,,,
1,,Do Growth Controls Work? A New Assessment,"Landis, John",Journal of the American Planning Association,,1,,,,,,,,,,
1,,A Pure Theory of Local Expenditures,"Tiebout, Charles M.",Journal of Political Economy,,1,,,,,,,,,,
1,,"“The Need for Tax Base Sharing,”  “Metropolitan Sharing of Local Property Tax Bases: Maybe Not Such a Good Idea, After All,” and “Further Arguments in Favor of Tax Base Sharing.” ","Orfield, Myron and Fischel, William A.",The Value of Land: 1998 Annual Review,,1,,,,,,,,,,
1,,The Politics of Exactions,"Deakin, Elizabeth",Private Supply of Public Services ed,,1,,,,,,,,,,
1,,The Social Life of the Street,"Whyte, W.",City: Rediscovering the Center,,1,,,,,,,,,,
1,,Pedestrian Planning and Design,"Fruin, J","New York, Metropolitan Association of Urban Designers and Environmental Planners",,1,,,,,,,,,,
1,,Skinny Streets,Portland Planning Office,Portland Planning Office,,1,,,,,,,,,,
1,,Livable Streets,"Appleyard, Donald",Berkeley at the Barricades,,1,,,,,,,,,,
1,,Making Streets That Work,"Sellin, Dennis",Places,,1,,,,,,,,,,
1,,Neighborhood Traffic Management Program,City of Austin,The Urban Transportation Department,,1,,,,,,,,,,
1,,Neighborhood Traffic Management Program,City of Boulder,,,1,,,,,,,,,,
1,,Policy Implications of Recent Behavioral Research in Transportation Demand Management,"Wachs, Martin",Journal of Planning Literature,,1,,,,,,,,,,
1,,A typology of relationships between telecommunications and transportation,"Mokhtarian, P.",Transportation Research A,,1,,,,,,,,,,
1,,"Transportation demand management: planning, development, and implementation","Ferguson, Erik.",Journal of the American Planning Association,,1,,,,,,,,,,
1,,Planning for telecommuting: measurement and policy,"Handy, Susan L. and Patricia L. Mokhtarian",Journal of the American Planning Association,,1,,,,,,,,,,
1,,High occupancy vehicle lanes: not always more effective than general purpose,"Dahlgren, Joy","Transportation Research Part A, Policy And Practice",,1,,,,,,,,,,
1,,The Trouble with Minimum Parking Requirements,"Shoup, D",Transportation Research Part A,,1,,,,,,,,,,
1,,The High Cost of Free Parking,"Shoup, D",Journal of Planning Education and Research,,1,,,,,,,,,,
1,,Evaluating the Effects of Cashing Out Employer-Paid Parking: Eight Case Studies,"Shoup, D",Transport Policy,,1,,,,,,,,,,
1,,In Lieu of Required Parking,"Shoup, D",Journal of Planning Education and Research,,1,,,,,,,,,,
1,,"Measuring the Connections: Highway Improvements and Land Development Patterns in the Greater Twin Cities Area, 1970-1995","Adams, John",,,1,,,,,,,,,,
1,,Road Capacity and the Allocation of Time,"Levinson, David and Seshasai Kanchi",Journal of Transportation and Statistics,,1,,,,,,,,,,
1,,Relationships Between Highway Capacity and Induced Vehicle Travel,"Noland, Robert B","Paper 991069, presented at the 78th Annual Meeting of the Transportation Research Board, Washington DC",,1,,,,,,,,,,
1,,A Transportation Modeling Primer,"Beimborn, Edward A.","Inside the Blackbox, Making Transportation Models Work for Livable Communities",,1,,,,,,,,,,
1,,Imagining Land Use Futures: Applying the California Urban Futures Model,"Landis, J.D.",Journal of the American Planning Association,,1,,,,,,,,,,
1,,"Transportation Models in the Policy Making Process: Uses, Misuses, and Lessons for the Future",,"Proceedings from a symposium on the problems of transportation analysis and modeling in the world of politics. Asilomar Conference Center, Pacific Grove, California",,1,,,,,,,,,,
1,,Models of Land Use Change,"Briassoulis, Helen",Analysis of Land Use Change: Theoretical and Modeling Approaches,,1,,,,,,,,,,
1,,"Wrestling Sprawl to the Ground: Defining and Measuring an Elusive Concept. Conference on Fair Growth: Connecting Sprawl, Smart Growth, and Social Equity","Galster, George",,,1,,,,,,,,,,
1,,Some Realities about Sprawl and Urban Decline,"Downs, Anthony",Housing Policy Debate,,1,,,,,,,,,,
1,,Envisioning Two Futures,"Yaro, Robert D. and Tony Hiss",A Region at Risk: The Third Regional Plan for the New York-New Jersey-Connecticut Metropolitan Area,,1,,,,,,,,,,
1,,"The Costs of Sprawl Presentation at the Center for Transportation Studies, University of Minnesota","Downs, Anthony",http://www1.umn.edu/cts/trg/adowns.html,,1,,,,,,,,,,
1,,Density and the Journey to Work,"Levinson, D and A. Kumar",Growth and Change,,1,,,,,,,,,,
1,,Is the Journey to Work Explained by Urban Structure?,"Giuliano, Genevieve and Small, Kenneth A.",Urban Studies,,1,,,,,,,,,,
1,,Accessibility and the Journey to Work,"Levinson, D.",Journal of Transport Geography,,1,,,,,,,,,,
1,,The spatial mismatch hypothesis: A review of recent studies and their implications for welfare reform,"Ihlanfeldt, K.R. & Sjoquist, D.L.",Housing Policy Debate,,1,,,,,,,,,,
1,,"Race, gender, and spatial segmentation in the Twin Cities","Wyly, Elvin",Professional Geographer ,,1,,,,,,,,,,
1,,Sense of Community and Neighbourhood Form: An Assessment of the Social Doctrine of New Urbanism,"Talen, Emily",Urban Studies ,,1,,,,,,,,,,
1,,Is New Urbanism Good For America?,"Landecker, H.",Architecture,,1,,,,,,,,,,
1,,The Next America Revisited,"Levinson, D.",http://www.ce.umn.edu/~levinson/doc-TheNextAmericaRevisted.pdf,,1,,,,,,,,,,
1,,A Sketch of the Planning-Guiding Process For Columbia Maryland,"Hoppenfeld, Mort",Journal of the American Institute of Planners,,1,,,,,,,,,,
1,,Developer-Planner Interaction in Accessible Land Use Development,"Levine, J., Inam,","Paper presented at ACSP, Cleveland, OH.",,1,,,,,,,,,,
1,,The Barriers to Using Urban Infill Development to Achieve Smart Growth,"Ferris, J. Terrence",Housing Policy Debate,,1,,,,,,,,,,
1,,"“The Friction of Distance and Gendered Geographies of Employment,” and “Communities, Work, and Gender Relations.” ","Hanson, Susan and Geraldine Pratt","Gender, Work, and Space",,1,,,,,,,,,,
1,,Time to work: Job search strategies and commute time for women on welfare in San Francisco,"Chapple, Karen",Journal of Urban Affairs,,1,,,,,,,,,,
1,,A desire named streetcar: Fantasy and fact in rail transit planning,"Pickrell, Don H.",Journal of the American Planning Association,,1,,,,,,,,,,
1,,A Whole-System Approach to Evaluating Urban Transit Investments,"Richmond, Jonathan",Transport Reviews,,1,,,,,,,,,,
1,,Transportation—A major player in smart growth,"Mondale, Ted",ITE Journal,,1,,,,,,,,,,
1,,The land use-transport connection,"Newman, P. and J. Kenworthy",Land Use Policy,,,,,1,,,,,,,
1,,The Transportation-land use link,E. Kelly,Journal of Planning Literature,,,,,1,,,,,,,
1,,A broader context for transportation planning: not just an end in itself,H. Dittmar,Journla of American Planning Association,,,,,1,,,,,,,
1,,Transportation and land use: key issues in metropolitan planning and smart growth ,R. Cervero,Australian Planner,,,,,1,,,,,,,
1,,Smart growth tools for transportation,B. Bochner,ITE Journal ,,,,,1,,,,,,,
1,,Visiting Sprawl,J. Miara,Urban Land ,,,,,1,,,,,,,
1,,Costs of sprawl - 2000,R. Burchell,Washington D.C: TCRP; Excutive Summary (ITS),,,,,1,,,,,,,
1,,Theory in action: smart growth case studies,ABAG,ABAG,,,,,1,,,,,,,
1,,Smart transportation and Smart growth,D. Pickrell,"Smart Growth: Economy, Community, Environment, Washington D. C.",,,,,1,,,,,,,
1,,Cars and their enemies,James Wilson,Commentary,,,,,1,,,,,,,
1,,,,The Urban Lawyer,,,,,1,,,,,,,
1,,"Characteristics, causes, and effects of sprawl: a literature review","Ewing, R.",Environment and Urban Issues,,,,,1,,,,,,,
1,,"Asphalt nation: how the automobile took over America, and how er can take it back","Kay, J. H.","Asphalt nation: how the automobile took over America, and how er can take it back",,,,,1,,,,,,,
1,,The transportation-land connection still matters,"Cervero, R. and J. Landis",Access ,,,,,1,,,,,,,
1,,Transport and the environment,"Banister, D.",Town Planning Review,,,,,1,,,,,,,
1,,Congestion relief: the land use alternative,"Cervero, R. and J. Landis",Journal of Planning Education and Research,,,,,1,,,,,,,
1,,Land Use and Urban Development,"Altshuler, Alan",Politics and Politics and Policy Innovation: Politics and Politics and Policy Innovation,,,,,1,,,,,,,
1,,Access for All: Transportation and Urban Growt,"Schaeffer, K.H. and Sclar, Elliot",Access for All: Transportation and Urban Growt,,,,,1,,,,,,,
1,,"Autos, Transit and the Sprawl of Los Angeles","Wachs, Martin",Journal of the American Planning Association,,,,,1,,,,,,,
1,,Innovations in Urban Transport and the Influence of Urban Form: An Historical Review,"Giannopoulos, G",Transport Reviews,,,,,1,,,,,,,
1,,Public Transportation and the City,"Smerk, G",Public Transportation in the U.S.,,,,,1,,,,,,,
1,,"Street Car Suburbs, Chpts. 1, 2, & 4.","Warner, Sam Bass",Street Car Suburbs,,,,,1,,,,,,,
1,,he Impact of Transit Systems on Land Use Patterns in the Pre­ Automobile Era,"Harrison, David",Dept. of City and Regional Planning Discussion Paper D78‑21,,,,,1,,,,,,,
1,,The Fragmented Metropolis: Los Angeles 1850-1930. Chpts. 5 & 8,"Fogelson, Robert M",The Fragmented Metropolis: Los Angeles 1850-1930,,,,,1,,,,,,,
1,,Geography and Urban Evolution in the San Francisco Bay Area,"Vance, James E","Institute of Governmental Studies, UC Berkerly",,,,,1,,,,,,,
1,,Transportation 2025,C. Lee,Urban Land,,,,,1,,,,,,,
1,,Smart Communities,J. Eger,Urban Land,,,,,1,,,,,,,
1,,Regional Planning and Intelligent Transportation Systems: Effects on Land Use and Society,D. Grovdahl and E. Hill,ITEJournal,,,,,1,,,,,,,
1,,ITS and Sustainable Communities,D. Jordan and T. Horan,ITS Quarterly,,,,,1,,,,,,,
1,,"Cities, Transportation and Change","Levinson, H",Transportation Quarterly,,,,,1,,,,,,,
1,,Will Electronic Home Shopping Reduce Travel?,J. Gould & T,Access,,,,,1,,,,,,,
1,,Implications of Intelligent Transportation Systems for Metropolitan Form,"Hodge, D. and R. Morrill",Urban Geography,,,,,1,,,,,,,
1,,"Information Technology, Work Patterns and Intra‑metropolitan Location: A Case Study",Giuliano,Urban Studies,,,,,1,,,,,,,
1,,Regional Governance: The Missing Link in Relating Land Use and Transportation,"Porter, D.","Transportation, Urban Form, and the Environment, Transportation Research Board, Special Report 231",,,,,1,,,,,,,
1,,Under Construction: New Regional Transportation Plan,L. Stewart,Bay Area Monitor,,,,,1,,,,,,,
1,,Surface Transportation Policy Project. 2000,,Beyond Gridlock  (Available online: http://www.transact.org/Ca/beyond_gridlock.htm),,,,,1,,,,,,,
1,,Tough Choices: Regional Governance for San Francisco,"Porter, D.",Urban Land,,,,,1,,,,,,,
1,,Hardwiring Coordination Among Land‑Use and Transportation Agencies,"Lerner-Lam, E.",Journal of Urban Planning and Development,,,,,1,,,,,,,
1,,Metropolitan Planning Requirements,"Carlson, D",At Road's End: Transportation and Land Use Choices for Communities,,,,,1,,,,,,,
1,,San Francisco's Mission Bay Area Project: Balancing Land Development and Transportation,"Farran, J. and Wyznyckyj, L.","Transportation, Land Use and Air Quality",,,,,1,,,,,,,
1,,The Urban Transportation Planning Process,"Pas, E.",The Geography of Urban Transportation,,,,,1,,,,,,,
1,,Legislation: TEA‑21; New FTA Policy; SB‑45,,www.tea2l.org & www.transact.org,,,,,1,,,,,,,
1,,The Transportation Equity Act for the 215` Century,"Houston, R",ITE Journal,,,,,1,,,,,,,
1,,Surface Transportation Policy Project,,TEA‑21 User's Guide,,,,,1,,,,,,,
1,,Implementing Intermodal Surface Transportation Efficiency Act of 1991: Issues and Early Field Dat,"Gifford, J., W. Mallet, and S. Talkington",Transportation Research Record,,,,,1,,,,,,,
1,,Commuting in Context,"Pisarski, A",Urban Land,,,,,1,,,,,,,
1,,Transit Trends,"Dunphy, R",Urban Land,,,,,1,,,,,,,
1,,Changes in Regional Travel Characteristics and Travel Time Expenditures in San Francisco Bay Area: 1960‑1990,"Purvis, C.",Transportation Research Record 1466,,,,,1,,,,,,,
1,,Urban Transportation Planning,"Khisty, C., and Lall",Transportation Engineering: An Introduction,,,,,1,,,,,,,
1,,Trip Generation: Fast Food for Thought,Bonsignore and W. Roache.,ITE Journal,,,,,1,,,,,,,
1,,Upgrading Travel Demand Forecasting Capabilities,E. Weiner and F. Ducca,ITE Journal,,,,,1,,,,,,,
1,,Adjusting Computer Modeling Tools to Capture Effects of Smart Growth,"Walters, G., R. Ewing, and W. Schroeer",Transportation Research Record 1722,,,,,1,,,,,,,
1,,Models III: Travel Demand,"Dickey, J",Metropolitan Transportation Planning,,,,,1,,,,,,,
1,,Trip Generation Models for Multiuse Highway Commercial Developments,"Datta, T., S. Datta, and P. Nannapaneni",ITE Journal,,,,,1,,,,,,,
1,,Land Use Impacts on Trip Generation Rates,"Ewing, R., DeAnna, M., and Li, S",Transportation Research Record 1518,,,,,1,,,,,,,
1,,Disaggregate Models of Travel Behavior,"Pipkin, J.", The Geography of Urban Transportation,,,,,1,,,,,,,
1,,"Recent Advances in Urban Transportation Planning Methods, Models, and Research Techniques","Ferguson, E. ",Journal of Planning Education and Research,,,,,1,,,,,,,
1,,Regulating Traffic by Controlling Land Use: The Southern California experience,"Wachs, M",Transportation,,,,,1,,,,,,,
1,,Transport Planning and the Human Activity Approach,"Fox, M",Journal of Transport Geography,,,,,1,,,,,,,
1,,Stated Choice: A New Tool for Transportaiton Demand Forecasting,"Beaton, P., Q. Chen, and H. Meghdir",ITE Journal ,,,,,1,,,,,,,
1,,Trip Generation: One Developer's Perspective,"Schumacher, S.",ITE Journal,,,,,1,,,,,,,
1,,Trip Generation,Institute of Transportation Engineers,Trip Generation,,,,,1,,,,,,,
1,,Parking Generation,Institute of Transportation Engineers,Parking Generation,,,,,1,,,,,,,
1,, Travel Estimation Procedures for Ouick Response to Urban Policy Issues and Quick Response Urban Travel Estimation Techniques and Transferable Parameters,National Cooperative Highway Research Program (NCHRP), Travel Estimation Procedures for Ouick Response to Urban Policy Issues and Quick Response Urban Travel Estimation Techniques and Transferable Parameters,,,,,1,,,,,,,
1,,Easing the Burden,Surface Transportation Policy Project,Easing the Burden. See online: http://www.transact.org/Reports/ttl200 1 /default.htm,,,,,1,,,,,,,
1,,Evidence on the Effects of Road Capacity Reductions on Traffic Levels,"Goodwin, P.",Traffic Engineering Control,,,,,1,,,,,,,
1,,Induced Highway Travel: Transportation Policy Implications for Congested Metropolitan Areas,"P. DeCorla-Souza,",Transportation Quarterly,,,,,1,,,,,,,
1,,Highway Capacity Expansion and Induced Travel: Evidence and Implications,Transportation Research Board,Transportation Research Circular,,,,,1,,,,,,,
1,,Review of Empirical Studies of Induced Traffic,"Cohen, H.",Expanding Metropolitan Highway,,,,,1,,,,,,,
1,,Empirical Evidence on Induced Demand,"Goodwin, P.",Transportation,,,,,1,,,,,,,
1,,Travel Demand,Transportation Research Board,Expanding Metropolitan Highways,,,,,1,,,,,,,
1,,The Use of Spatial Separation in the Measurement of Transportation Accessibility,"Pooler, J.",Transportation Research,,,,,1,,,,,,,
1,,Paradigm Shift: From Automobility to Accessibility Planning,"Cervero, R.",Urban Futures,,,,,1,,,,,,,
1,,The Possibility and Potential of Public Policy on Accessibility,"Pirie, G.",Transportation Research,,,,,1,,,,,,,
1,,Total Cost of Motor‑Vehicle Use,"Delucchi, M.",Access,,,,,1,,,,,,,
1,,Driven to Spend,Surface Transportation Policy Project,Driven to Spend (Available online: http://www.transact.org/Reports/driven/default.htm),,,,,1,,,,,,,
1,,Journal of Transportation and Statistics (the same as in the syllabus),"Murphy, J. and M. Delucchi.",Journal of Transportation and Statistics,,,,,1,,,,,,,
1,,Urban Passenger Transportation Modes,"Vuchic, V.",Public Transportation in the U.S.,,,,,1,,,,,,,
1,,The Going Rate: What It Realms Costs to Drive,"McKenzie, J., R. Dower, and D. Chen.",The Going Rate: What It Realms Costs to Drive,,,,,1,,,,,,,
1,,Effects of Urban Density on Rail Transit,"Davis, J. and S. Seskin",Landlines (Handout).,,,,,1,,,,,,,
1,,Transit and Urban Form,"PBQD, Cervero, and Zupan","Research Results Digest, Transit Cooperative Research Program",,,,,1,,,,,,,
1,,Estimating Highway Mobility Benefits,P. Decorla-Souza,ITE Journal,,,,,1,,,,,,,
1,,Impacts of Urban Form on Travel Behavio,"Davis, J. and Seskin, S.",The Urban Lawyer,,,,,1,,,,,,,
1,,Where Transit Works: Urban Densities for Public Transportation,"Pushkarav, Boris S. and Zupan, Jeffrey M",Urban Transportation: Perspectives and Prospects,,,,,1,,,,,,,
1,,Least‑Cost Planning: A Tool for Metropolitan Transportation Decision Making,"Nelson, D. and D. Shakow",Transportation Research Record,,,,,1,,,,,,,
1,,The Urban Transportation Problem.Chpts. 8-11,"Meyer, J., J. Kain, and M. Wohl",The Urban Transportation Problem.,,,,,1,,,,,,,
1,,Urban Rail in America: An Exploration of Criterial for Fixed Guideway Transit,"Pushkarev, B. and Zupan, J.", Urban Rail in America: An Exploration of Criterial for Fixed Guideway Transit,,,,,1,,,,,,,
1,,Measuring Transportation Performance,"Ewing, R.",Transportation Quarterly,,,,,1,,,,,,,
1,,Exploring Paradigm Shifts Needed to Reconcile Transportation and sustainability Objectives,"Litman, T.",Transportation Research Record 1670,,,,,1,,,,,,,
1,,Performance Measures for Multimodal Transportation Systems,"Pratt, R. and T. Lomas",Transportation Research Record 1518,,,,,1,,,,,,,
1,,Traffic Impact Studies,"Pflum, J.",Land Development,,,,,1,,,,,,,
1,,Transportation Service Standards: As If People Matter,"Ewing, R",Transportation Research Record 1400,,,,,1,,,,,,,
1,,"Highway Capacity Manual, Chpt. 9, Urban Intersections",Transportation Research Board,Highway Capacity Manual,,,,,1,,,,,,,
1,,Performance Indicators for Transit Management,"Fielding, G.J., Glauthier, R.E., and Lave, C.A.",Transportation,,,,,1,,,,,,,
1,,Comprehensive Transit Performance Indicators,"Lem, L., J. Li, and M. Wachs",UCTC Working Paper,,,,,1,,,,,,,
1,,Transportation and Land Use Theory,"Lee, D.",Transportation Plannng and Policy Analysis,,,,,1,,,,,,,
1,,"""Location Theory,"" and ""A Theory of the Urban Land Market.""","Alonzo, William",Readings Urban Economics,,,,,1,,,,,,,
1,,"Integrated Transportation and Land Use Policy Analysis for Sacramento, California","Putman, S., et al",Transportation Research Record 1722,,,,,1,,,,,,,
1,,Policy Analysis Using the Sacramento MEPLAN Land use­ Transportation Interaction Model,J. Abraham and J. Hunt,Transportation Research Board,,,,,1,,,,,,,
1,,Simulating Highway and Transit Effects,"Landis, J.",Access,,,,,1,,,,,,,
1,,Land‑Use/Transportation Interaction Models,"Wilson, A.G.",Journal of Transport Economics and Policy,,,,,1,,,,,,,
1,,A New Tool for Land Use and Transportation Planning,"Landis, J.",Access,,,,,1,,,,,,,
1,,Structure of Linkages Between Transport and Land Use,"Mackett, R.",Transportation Research,,,,,1,,,,,,,
1,,Urban Residential Location Models,"Putman, S.",Martinus Nijhoff,,,,,1,,,,,,,
1,,Seven Models of Transportation‑Land Use,"Lowry, I.",Highway Research Record 114,,,,,1,,,,,,,
1,,The Effects of Transportation Infrastructure on Nearby Property Values: A Review of the Literature,"Huang, W.",IURD Working Paper (CED),,,,,1,,,,,,,
1,,"Jobs, Housing, and Transportation: Theory and Evidence on Interactions Between Land Use and Transportation","Deakin, E.","Transportation, Urban Form, and the Environment",,,,,1,,,,,,,
1,,Twenty Years of the Bay Area Rapid Transit System: Land Use and Development Impacts,"Cervero, R. and Landis, J.",Transportation Research,,,,,1,,,,,,,
1,,Evidence of Land Use Impacts of Rapid Transit Systems,"Knight, Robert L. and Lisa Trygg", Transportation,,,,,1,,,,,,,
1,,Transit Stations and Commercial Property Values: A Case Study with Policy and Land‑Use Implications,"Nelson, A.",Journal of Public Transportation,,,,,1,,,,,,,
1,,"Office Development, Parking, and Travel Behavior: Midtown Atlanta","Ferguson, E.",Journal of Transportation and Statistics,,,,,1,,,,,,,
1,,Automated Transit and Land Use Intentions: Alternate Scenarios with PRT and Shuttle/Loop Technologies,"Warren, R",Journal of Advanced Transportation,,,,,1,,,,,,,
1,,Impact of Commuter‑Rail Services in Toronto Region,"Wells, S., Hutchinson, B.", Journal of Transportation Eningeering,,,,,1,,,,,,,
1,,Transit Sparks Redevelopment in St. Louis and Chicago,"Howland, L. and R. Dunphy.",Urban Land,,,,,1,,,,,,,
1,,Influence of MARTA on Population and Employment Location,"Nelson, A. and T. Sanchez",Transportation Research Record,,,,,1,,,,,,,
1,,Land Use and Rail Transit,"Shinbein, P. and J. Alder,",Transportation Quarterly,,,,,1,,,,,,,
1,,Impacts of Transit Facilities on Land Use,"Callow, J",ITE Journal,,,,,1,,,,,,,
1,,Land Use Impacts of the Houston Transitway System,"Mullins, J.; E. Washington; and R. Stokes",Transportation Research Record 1237,,,,,1,,,,,,,
1,,The Impact of a Light Rail System on the Structure of House Prices,"Forrest, D., J. Glen, and R. Ward",Journal of Transport Economics and Policy,,,,,1,,,,,,,
1,,Highways and Economic Productivity: Interpreting Recent Evidence,"Boarnet, M",Journal of Planning Literature,,,,,1,,,,,,,
1,,Freeway Expansion and Land Development: An Empirical Analysis of Transportation Corridors,"Hanson, M., D. Gillen, and M. Puvathingal",Transportation Research Record (ITS),,,,,1,,,,,,,
1,,Commercial Development at Rural and Small‑Town Interstate Exists,"Hartgen, D. and J. Kim",Transportation Research Record ,,,,,1,,,,,,,
1,,Implications of Intelligent Transportation Systems for Metropolitan Form,"Hodges, D., R. Morrill, and K. Stanilov",Urban Geo rjzanhy,,,,,1,,,,,,,
1,,Land Use and Urban Form,Transportation Research Board,Expanding Metropolitan Highways,,,,,1,,,,,,,
1,,Transportation Infrastructure and Economic Development: A Review of Recent,Literature,Logistics and Transportation Review,,,,,1,,,,,,,
1,,Urban Metropolitan Impacts of Highway Systems,"Putman, S.",The Impacts of Federal Policies,,,,,1,,,,,,,
1,,Review of Some Effects of Major Roads on Urban Communities,"Grigg, A.O. and W.G. Ford.",Transport and Road Research Supplemental Report 778,,,,,1,,,,,,,
1,,Travel by Design: The Influence of Urban Form on Travel,"Boarnet, M. and Crane, R",Travel by Design: The Influence of Urban Form on Travel,,,,,1,,,,,,,
1,,Community-Based Street Design Standards,"Brown, S. and Owens, G","Transportation,","land Use, and Air Quality",,,,1,,,,,,,
1,,Cities in the Balance: Creating the Transit‑Friendly Environment,San Diego Metropolitan Transit Development Board,Cities in the Balance: Creating the Transit‑Friendly Environment,,,,,1,,,,,,,
1,,Transportation and Land Use Innovations,"Ewing, R.",Transportation and Land Use Innovations,,,,,1,,,,,,,
1,,Creating Transit‑Supportive Land‑Use Regulations,"Morris, M.","APA, Planning Advisory Service Report",,,,,1,,,,,,,
1,,Reviving Transit Corridors and Transit Riding,"Loukaitou-Sideris, A.",Access,,,,,1,,,,,,,
1,,Site Design and Its Relation to Urban Form,"Dyett, M","Transportation, Urban Form, and the Environment. Transportation Research Board, Special Report 231",,,,,1,,,,,,,
1,,Does Neighborhood Design Influence Travel?: A Behavioral Analysis of Travel Diary and GIS Data,"Crane, R. and R. Crepeau.",Transportation Research D,,,,,1,,,,,,,
1,,Travel Choices in Pedestrian Versus Automobile Oriented Neighborhoods,"Cervero, R. and Radisch, C.",Transport Policy,,,,,1,,,,,,,
1,,Assessment of Influence of Land Use‑Transportation System on Travel Behavior,"McNally, M. and A. Kulkarni,",Transportation Research Record,,,,,1,,,,,,,
1,,Transportation‑Related Land Use Strategies to Minimize Motor Vehicle Emissions: An Indirect Reource Research Study,California Air Resources Board,Transportation‑Related Land Use Strategies to Minimize Motor Vehicle Emissions: An Indirect Reource Research Study,,,,,1,,,,,,,
1,,A Micro-Analysis of Land Use and Travel in Five Neighborhoods in the San Francisco Bay Area,"Kitamura, R. et al",Transportation,,,,,1,,,,,,,
1,,Neo‑Traditional Neighborhood Design and Its Implications for Traffic Engineering,"Lerner-Lam, E.; S. Cleniker, G. Halbert, C. Chellman, and S. Ryan.",ITE Journal,,,,,1,,,,,,,
1,,Walk-and-Ride: Factors Influencing Pedestrian Access to Transit,"Cervero, R.",Journal of Public Transportation,,,,,1,,,,,,,
1,,Mixed Land Uses and Commuting: Evidence from the American Housing Survey,"Cervero, R.",Transportation Research,,,,,1,,,,,,,
1,,"Travel Demand and the 313s: Density, Diversity, and Design","Cervero, R. and K. Kockelmann",Transportation Research D,,,,,1,,,,,,,
1,,"Getting Around a Traditional City, a Suburban PUD, and Everything In‑Between","Ewing, R., P. Haliyur, and G. Page",Transportation Research Record,,,,,1,,,,,,,
1,,"Beyond Density, Mode Choice, and Single‑Purpose Trips","Ewing, R",Transportation Quarterly,,,,,1,,,,,,,
1,,Suburban Employment Centers: The Influence of Site Features on the Journey to Work,"Cervero, R",Journal of Planning Education and Research,,,,,1,,,,,,,
1,,Traffic Calming in New Developments,"Ewing, R.",Transportation Research Record,,,,,1,,,,,,,
1,,Experience with Traffic Calming,"Ewing, R. and C. Kooshian",ITE Journal,,,,,1,,,,,,,
1,,A Critical Review of Current Illusions in Traffic Management and Control,"Topp, H.",Transport Policy ,,,,,1,,,,,,,
1,,Environmental and Policy Interventions to Promote Physical Activity,"Sallis, J., Bauman, A., and Pratt, M.",American Journal ofPreventive Medicine,,,,,1,,,,,,,
1,,On Route,"Miara, J.",Urban Land,,,,,1,,,,,,,
1,,California's Transit Village Movement,"Cervero, R",Journal of Public Transportation,,,,,1,,,,,,,
1,,L.A. Story: A Reality Check for Transit‑Based Housing,"Boarnet, M. and R. Crane",Journal of the American Planning Association,,,,,1,,,,,,,
1,,Transit Villages: Tools for Revitalizing Inner Cities,"Bernick, M.",Access,,,,,1,,,,,,,
1,,Promoting Transit‑Oriented Development,"Salvesen, D",Urban Land,,,,,1,,,,,,,
1,,Transit Villages for the 21 st Century,"Bernick, R. and R. Cervero",Transit Villages for the 21 st Century,,,,,1,,,,,,,
1,,Transit‑Based Housing in California: Evidence on Ridership Impacts,"Cervero, R.",Transport Policy,,,,,1,,,,,,,
1,,The Odds on TODs,"Lusher, D.",Berkeley Planning Journal,,,,,1,,,,,,,
1,,Transit Villages and Transit‑Based Development: The Rules Are Becoming More Flexible ‑‑ How Government Can Work with the Private Sector to Make It Happen,"Bernick, M. and A. Freilich",The Urban Lawyer,,,,,1,,,,,,,
1,,Metro Makes Its Mark,"McNeal, A. and R. Doggett",Urban Land,,,,,1,,,,,,,
1,,Transit,"Zimmerman, M.",Urban Land,,,,,1,,,,,,,
1,,Transit Joint Development in San Diego,"Bragado, N. ",Transportation Research Record,,,,,1,,,,,,,
1,,Transit Joint Development in the USA,"Landis, J., R. Cervero, and P. Hall",Environment and Planning C,,,,,1,,,,,,,
1,,International Transit Turnkey and Joint Development,Transportation Research Board,Transportation Research Circular,,,,,1,,,,,,,
1,,Joint Development at Ballston Metro,"Miller, R.",Urban Land,,,,,1,,,,,,,
1,,Subcentring and Commuting: Evidence from the San Francisco Bay Area,"Cervero, R. and K. Wu",Urban Studies,,,,,1,,,,,,,
1,,Understanding Differences in Public Transit: Comparison of Boston and Toronto,"Schimek, P.",Transportation Research Record,,,,,1,,,,,,,
1,,Transport and Land Use,"J. Berechman, et al",Transport and Land Use,,,,,1,,,,,,,
1,,"Polycentrism, Commuting, and Residential Location in the San Francisco Bay Area","Cervero, R. and K. Wu",Environment and Planning A,,,,,1,,,,,,,
1,,The Changing Commute: A Case Study of the Jobs/Housing Relationship over Time,"Wachs, M., B. Taylor, N. Levine, and P. Ong",Urban Studies,,,,,1,,,,,,,
1,,Changing the Jobs-Housing Balance. Chpt. 7.,"Downs, A",Changing the Jobs‑Housing Balance,,,,,1,,,,,,,
1,,Jobs-Housing Balance and Regional Mobility,"Cervero, R.",Journal of the American Planning Association,,,,,1,,,,,,,
1,,Downtown Population Growth and Comminuting Trips: Recent Experiences in Toronto,"Nowlan, D. and G. Stewart",Journal of the American Planning Association,,,,,1,,,,,,,
1,,Transit‑Oriented Development: Making a Difference?,"Dunphy, R.",Urban Land,,,,,1,,,,,,,
1,,Beyond the Field of Dreams: Light Rail and Growth Management in Portland,"Arrington, G.B.",Portland: Tri-Met,,,,,1,,,,,,,
1,,Portland: Challenging the Idea of Laissez-Faire Development,"Dunphy, R.","Moving Beyond Gridlock: Traffic and Development, Urban Land Institute",,,,,1,,,,,,,
1,,A 50-Year Plan for Metropolitan Portland,"Porter, D",Urban Land ,,,,,1,,,,,,,
1,,"Learning from Los Angeles: Transport, Urba Form, and Air Quality","Wachs, M.",Transportation,,,,,1,,,,,,,
1,,Measuring external effects of transport with land use approach,"Anderson, W. P., Kanaroglou, P., and Miller, E. J.",Measuring external effects of transport with land use approach,,,,,,,,,,1,,
1,,Congestion tolling and urban spatial structure,"Amott, R.",Journal of Regional Science,,,,,,,,,,1,,
1,,The welfare economics of urban structure,"Amott, R., Anas, A., and Small, K. A.",The welfare economics of urban structure,,,,,,,,,,1,,
1,,Transportation land-use interaction: Empirical findings and implications for modeling.,"Badoe, D. A. and Miller, E. J.",Transportation‑land‑use interaction: Empirical findings and implications for modeling.,,,,,,,,,,1,,
1,,Modeling land markets in Tranus,"Barra, T. D. La.",Modeling land markets in Tranus,,,,,,,,,,1,,
1,,A Transportation Modeling Primer,"Beimbom, E. A",World Wide Web,,,,,,,,,,1,,
1,,Parking strategies to attract auto users to transit,"Bianco, M. J., Dueker, K. J., and Strathman, J. G.",,,,,,,,,,,1,,
1,,The economics of urban form,"Blais, P. and Berridge Lewinberg Greenberg Dark Gabor Ltd","GTA Task force, The Office for the GTA, Toronto",,,,,,,,,,1,,
1,,Do highways matter? Evidence and policy implications of highways' influence on metropolitan development.,"Boarnet, M. G. and Haughwout, A. F.",The Brookings Institution Center on Urban and Metrolitan Policy,,,,,,,,,,1,,
1,,The influence of land use on travel behaviour: Specification and estimation strategies,"Boarnett, M. and Crane, R.",Transportation Research A,,,,,,,,,,1,,
1,,Learning About Transportation Costs,"Braeutigam, R. R.",Transportation Economics and Policy,,,,,,,,,,1,,
1,,Technique for relating transportation improvements and urban development patterns,"Brand, D., Barber, B., and Jacobs, M.",Technique for relating transportation improvements and urban development patterns,,,,,,,,,,1,,
1,,The compact city: Just or just compact? A preliminary analysis,"Burton, E.",Urban Studies,,,,,,,,,,1,,
1,,Guide for the preparation of traffic impact studies State of California Department of Transportation,Caltrans,Guide for the preparation of traffic impact studies State of California Department of Transportation,,,,,,,,,,1,,
1,,Railroad development and land value,"Coffman, C. and Gregson, M. E.",Journal of Real Estate Finance and Economics,,,,,,,,,,1,,
1,,Does increased street connectivity improve the operation of regional streets? Case studies from the Portland Metro Regional Street Design Study,"Daisa, J. M., Kloster, T., and Ledbetter, R.",World Wide Web,,,,,,,,,,1,,
1,,Exploring the spatial‑temporal distribution of household activities and the implications for energy efficiency,"Doherty, S., Haider, M., and Lee‑Gosselin, M.",Exploring the spatial‑temporal distribution of household activities and the implications for energy efficiency,,,,,,,,,,1,,
1,,Light Rail Transit impacts in Portland: The first ten years,"Dueker, K. J. and Bianco, M. J",Light Rail Transit impacts in Portland: The first ten years,,,,,,,,,,1,,
1,,Land use considerations in Environmental Assessment of the New York City Transit Authority's Station Improvement Program,"Forde, C., Abdallah, T., and Pesesky, L.",Land use considerations in Environmental Assessment of the New York City Transit Authority's Station Improvement Program,,,,,,,,,,1,,
1,,Site density restrictions: Measurement and empirical analysis,"Fu, Y. and Somerville, C. T.",Journal of Urban Economics,,,,,,,,,,1,,
1,,Greater Montreal Area Transportation Management Plan,Gouvemement du Quebec, World Wide Web,,,,,,,,,,1,,
1,,Nine causes of sprawl,"Green, R. K.", World Wide Web,,,,,,,,,,1,,
1,,Understanding urban development processes: Integrating the economic and social in property research,"Guy, S. and Hennebeny, J.",Urban Studies,,,,,,,,,,1,,
1,,Effects of transportation infrastructure and location on residential land values: Application of spatial-autoregressive techniques,"Haider, M. and Miller, E. J.", Transportation Research Record,,,,,,,,,,1,,
1,,The effect of free parking on commuter mode choice: Evidence from travel diary data,"Hess, D. B.",The effect of free parking on commuter mode choice: Evidence from travel diary data,,,,,,,,,,1,,
1,,Neighborhood site design and pedestrian travel,"Hess, P. M., Moudon, A. V., Snyder, M. C., and Stanilov, K.",Neighborhood site design and pedestrian travel,,,,,,,,,,1,,
1,,Measuring land use patterns for transportation research,"Hess, P. M., Moudon, A. V., and Logsdon, M. G.",Measuring land use patterns for transportation research,,,,,,,,,,1,,
1,,LAND USE SCANNER: An integrated GIS based model for long term projections of land use in urban and rural areas,"Hilferink, M. and Rietveld, P.",Journal of Geographical Systems,,,,,,,,,,1,,
1,,Assessing the impacts of development choices,"Hollis, L., Porter, D., and Stallworth, H",World Wide Web,,,,,,,,,,1,,
1,,A GIS-based planning approach to locating urban rail terminals,"Homer, M. W. and Grubesic, T. H.",Transportation,,,,,,,,,,1,,
1,,A description of the MEPLAN framework for land use and transport interaction modelling,"Hunt, J. D.",A description of the MEPLAN framework for land use and transport interaction modelling,,,,,,,,,,1,,
1,,Traffic impact study for the lands in Liberty Strachan Area,IBI Group,Traffic impact study for the lands in Liberty Strachan Area,,,,,,,,,,1,,
1,,Transportation impact study of the consolidation of facilities to the Macmillan Site,IBI Group,Transportation impact study of the consolidation of facilities to the Macmillan Site,,,,,,,,,,1,,
1,,"Synergisms among land use, transit, and travel pricing policies","Johnston, R. A. and Rodier, C. J. ","Synergisms among land use, transit, and travel pricing policies",,,,,,,,,,1,,
1,,The Urban Transportation Problem: A Reexamination and Update.,"Kain, J. F. ",Transportation Economics and Policy,,,,,,,,,,1,,
1,,Empirical examination of the relationship between firm location and transportation facilities.,"Kawamura, K.",,,,,,,,,,,1,,
1,,Land use & transit integration and transit use incentives,"Khasnabis, S. ",,,,,,,,,,,1,,
1,,Accessibility in a metropolis: Toward a better understanding of land use and trave,"Kitamura, R., Akiyama, T., Yamamoto, T., and Golob, T. F.",,,,,,,,,,,1,,
1,,The polycentric urban region: Towards a research agenda,"Kloosterman, R. C. and Musterd, S.",Urban Studies,,,,,,,,,,1,,
1,,The What if? Collaborative Support System,"Klosterman, R. E.",nvironment and Planning B: Planning and Design,,,,,,,,,,1,,
1,,Guiding framework: Tools for urban energy use and C02 planning,"Kriger, D. S.","Rep. No. NRCan 99‑0356, Natural Resources Canada, Toronto",,,,,,,,,,1,,
1,,Modeling urban land use change: The next generation of the California Urban Futures model,"Landis, J. and Zhang, M",World Wide Web,,,,,,,,,,1,,
1,,Metroscope: Simulating future urban land stapes at the parcel level,"Larson, K., Cser, J., and Conder, S",,,,,,,,,,,1,,
1,,Evaluation of the land-use impacts of two Toronto subway extension alternatives,"Lee, K., Haider, M., Pushkar, A. O., Putra, E., and Roorda, M.",,,,,,,,,,,1,,
1,,Bus transit in the 21 st century perspectives and prospects,"Levinson, H. S.",,,,,,,,,,,1,,
1,,Land use and transportation: Envisioning regional sustainability,"Lewis III, S. L. ",Transport Policy,,,,,,,,,,1,,
1,,Moving toward sustainability: Transforming a comprehensive land use and transportation plan,"Lindquist, E.",,,,,,,,,,,1,,
1,,An economic evaluation of smart growth and TDM: Social welfare and equity impacts of efforts to reduce sprawl and automobile dependency,"Litman, T",World Wide Web,,,,,,,,,,1,,
1,,Land use impact costs of transportation,"Litman, T",,,,,,,,,,,1,,
1,,Parking requirement impacts on housing affordability,,World Wide Web,,,,,,,,,,1,,
1,,You can get there from here: Evaluating transportation choice,,,,,,,,,,,,1,,
1,,"""Suburbs and the census: Patterns of growth and decline","Lucy, W. H. and Phillips, D. L.","Center on Urban & Metropolitan Policy, The Brookings Institute",,,,,,,,,,1,,
1,,Implications of urban development for travel demand in the Netherlands,"Maat, K. and Harts, J. J.",,,,,,,,,,,1,,
1,,Land use transportation models for policy analysis,"Mackett, R.",Transportation Research Record,,,,,,,,,,1,,
1,,MUSSA Model: The theoretical framework,"Martinez, F, J. and Donoso, P. P.",,,,,,,,,,,1,,
1,,MUSSA: A land use model for Santiago City,"Martinez, F. J",,,,,,,,,,,1,,
1,,Towards the 5-stage land use Transport model,"Martinez, F. J. ",,,,,,,,,,,1,,
1,,Land use regulation and new construction,"Mayer, C. J. and Somerville, C. T.",Regional Science and Urban Economics,,,,,,,,,,1,,
1,,The travel impacts of mixed land use neighborhoods in Seattle,"McCormack, E., Rutherford, G. S., and Wilkinson, M. G.",,,,,,,,,,,1,,
1,,A comprehensive land use‑transportation‑finance model for city planning,"Meyer, G. A.",,,,,,,,,,,1,,
1,,Demand Analysis,"Meyer, M. D. and Miller, E. J.",Urban Transportation Planning: A Decision Oriented Approach,,,,,,,,,,1,,
1,,Supply Analysis,"Meyer, M. D. and Miller, E. J.",Urban Transportation Planning: A Decision Oriented Approach,,,,,,,,,,1,,
1,,Transportation and Communication,"Miller, E. J.",Canadian Cities in Transition,,,,,,,,,,1,,
1,,"The Integrated Land Use, Transportation, Environment (ILUTE) Modeling System : Description and Current Status","Miller, E. J. and Salvini, P. A.","The Integrated Land Use, Transportation, Environment (ILUTE) Modeling System : Description and Current Status",,,,,,,,,,1,,
1,,Introducing Land and Land rents into Price Theory,"Mills, E. S.",Urban Economics,,,,,,,,,,1,,
1,," Urban Economics, Scott, Foresman and Company","Mills, E. S."," Urban Economics, Scott, Foresman and Company",,,,,,,,,,1,,
1,,Urban Transportation,"Mills, E. S.","Urban Economics, Scott, Foresman and Company",,,,,,,,,,1,,
1,,Urbanization and Economic Growth in the United States,"Mills, E. S.","Urban Economics, Scott, Foresman and Company",,,,,,,,,,1,,
1,,Transit-supportive land use planning guidelines,Ministry of Transportation Ontario,Transit-supportive land use planning guidelines,,,,,,,,,,1,,
1,,Cities as Real Estate,"Miron, J. R.",Canadian Cities in Transition,,,,,,,,,,1,,
1,,Guidelines for the preparation of Traffic Impact Studies,Municipality of Metropolitan Toronto,Guidelines for the preparation of Traffic Impact Studies,,,,,,,,,,1,,
1,,Transit stations and commercial property values: Case study with policy and land use implications,"Nelson, A. C. ",Transit stations and commercial property values: Case study with policy and land use implications,,,,,,,,,,1,,
1,,Market dynamics and non-work travel patterns: Obstacles to transitoriented development?,"Nelson, D. and Niles, J. S.",,,,,,,,,,,1,,
1,,The costs of automobile dependence: A global survey of cities,"Newman, P. and Kenworthy, J.",,,,,,,,,,,1,,
1,,Measuring the Success of transit‑oriented development: Retail market dynamics and other key determinants.,"Niles, J. and Nelson, D.",World Wide Web,,,,,,,,,,1,,
1,,"An extensible, modular architecture for simulating urban development, transportation, and environmental impacts","Noth, M., Borning, A., and Waddell, P",,,,,,,,,,,1,,
1,,Autos and Highways,"O'Sullivan, A",Urban Economics,,,,,,,,,,1,,
1,,General‑Equilibrium Land Use,"O'Sullivan, A.", Urban Economics,,,,,,,,,,1,,
1,,Introduction to Land Rent and Land Use,"O'Sullivan, A.",Urban Economics,,,,,,,,,,1,,
1,,Land-Use in the Monocentric City,"O'Sullivan, A.",Urban Economics,,,,,,,,,,1,,
1,,"""Land-Use Controls and Zoning","O'Sullivan, A.",Urban Economics,,,,,,,,,,1,,
1,,Mass Transit,"O'Sullivan, A.",Urban Economics,,,,,,,,,,1,,
1,,Suburbanization and Modem Cities,"O'Sullivan, A.",Urban Economics,,,,,,,,,,1,,
1,,The History of Western Urbanization,"O'Sullivan, A.",Urban Economics,,,,,,,,,,1,,
1,,Where Do Cities Develop?,"O'Sullivan, A.",Urban Economics,,,,,,,,,,1,,
1,,Why Do Cities Exist?,"O'Sullivan, A.",Urban Economics,,,,,,,,,,1,,
1,,"O'Sullivan, A. (2001). ""","O'Sullivan, A.",Urban Economics,,,,,,,,,,1,,
1,,Site design & travel behavior: a bibliography,"Ocken, R",World Wide Web.,,,,,,,,,,1,,
1,,Data collection and modeling requirements for assessing transportation impacts of micro‑scale design,Parsons Brinckerhoff Quade & Douglas Inc,Data collection and modeling requirements for assessing transportation impacts of micro‑scale design,,,,,,,,,,1,,
1,,Executive Summary,,,,,,,,,,,,1,,
1,,Land use forecasting studies: A synthesis and summary,Parsons Brinckerhoff Quade & Douglas Inc,Land use forecasting studies: A synthesis and summary,,,,,,,,,,1,,
1,,Transport and land-use determinants of urban structure,"Paterson, J.",Transport and land-use determinants of urban structure,,,,,,,,,,1,,
1,,Transit & Pedestrian Oriented Developments: Do they really make a difference?,"Peers, J. B.",World Wide Web,,,,,,,,,,1,,
1,,Design of visualizations for urban modeling,"Pinnel, L. D., Dockrey, M., Bemheim Brush, A. J., and Boming, A",Design of visualizations for urban modeling,,,,,,,,,,1,,
1,,"Innovative land use and public transport policy: The case of Curitiba, Brazil","Rabinovitch, J.",Land Use Policy,,,,,,,,,,1,,
1,,Transportation Impact Studies - Analysis of Alternative transportation modes,"Ridgway, M. D. and Tabibnia, S.",World Wide Web,,,,,,,,,,1,,
1,,Infill in the marketplace: Alternatives to sprawl,"Sargent, T. ",On the Ground,,,,,,,,,,1,,
1,,Truth in transportation planning,"Shoup, D. C.",,,,,,,,,,,1,,
1,,The Demand for Transportation: Models and Applications,"Small, K. A. and Winston, C.",Transportation Economics and Policy,,,,,,,,,,1,,
1,,technical review of urban land use‑transportation models as tools for evaluating vehicle travel reduction strategies,"Southworth, F. A",World Wide Web,,,,,,,,,,1,,
1,,TODs importance to transit; transit's importance to TODs: Planning scenarios for Sacramento,"Thompson, G. L. and Audirac, I.",,,,,,,,,,,1,,
1,,Trip generation and parking requirements in traditional shopping districts,"Steiner, R. L.",,,,,,,,,,,1,,
1,, Sustainable transportation: The Canadian Context,Transport Canada,World Wide Web,,,,,,,,,,1,,
1,,Do suburbs need cities?,"Voith, R",Journal of Regional Science,,,,,,,,,,1,,
1,,The suburban housing market: The effects of city and suburban job growth,,Business Review,,,,,,,,,,1,,
1,,"Analytical tools for land use, transportation, and growth management","Waddell, P.",,,,,,,,,,,1,,
1,,Land use and travel demand forecasting models recommendations for integrated land use and travel models,"Waddell, P., Outwater, M., and Bhat, C. R.",Cambridge Systematics,,,,,,,,,,1,,
1,,Simulating the effects of metropolitan growth management strategies,"Waddell, P.",Simulating the effects of metropolitan growth management strategies,,,,,,,,,,1,,
1,,"Introduction, ""Market Force that Determine Urban Land-use and Transportation Patterns""","Moore, Terry and Paul Thorsnes",The Transportation/Land Use Connection,,,,,,,,,1,,,
1,,"The Transportation/Land Use Connection, P47-51","Moore, Terry and Paul Thorsnes",The Transportation/Land Use Connection,,,,,,,,,1,,,
1,,The Interaction of Public Policy with the Market Forces that Drive Land Use and Transportation',"Moore, Terry and Paul Thorsnes",The Transportation/Land Use Connection,,,,,,,,,1,,,
1,,"The Transportation/Land Use Connection, P67-73","Moore, Terry and Paul Thorsnes",The Transportation/Land Use Connection,,,,,,,,,1,,,
1,,"The Transportation / Land Use Connection,  Report # 448/449","Moore, Terry and Paul Thorsnes",The Transportation/Land Use Connection,,,,,,,,,1,,,
1,,"""Market Force that Determine Urban Land-use and Transportation Patterns And ""The Interaction of Public Policy with the Market Forces that Drive Land Use and Transportation'","Moore, Terry and Paul Thorsnes",The Transportation/Land Use Connection,,,,,,,1,,,,,
1,,"""Increasing Carrying Capacity""","Moore, Terry and Paul Thorsnes",The Transportation/Land Use Connection,,,,,,,1,,,,,
1,,"""Demand side remedies that focus on bahavior""","Moore, Terry and Paul Thorsnes",The Transportation/Land Use Connection,,,,,,,1,,,,,
1,,Appendix A,"Moore, Terry and Paul Thorsnes",The Transportation/Land Use Connection,,,,,,,1,,,,,
1,,"""Changing the jobs-housing balance"" and ""Remedies that increase residential densities""","Moore, Terry and Paul Thorsnes",The Transportation/Land Use Connection,,,,,,,1,,,,,
1,,"Driven to Spend: The Impact of Sprawl on Household Transportation Expenses,  pp. 5-22",Surface Transportation Policy Project (STPP),"Driven to Spend: The Impact of Sprawl on Household Transportation Expenses, www.transact.org/Reports/driven/default.htm",,,,,,,,,,,1,
1,,Creating a Healthy Environment:  The Impact of the Built Environment on Public Health,R.J. Jackson and C. Kochtitzky,"Sprawl Watch Clearinghouse, www.sprawlwatch.org/health.pdf ",,,,,,,,,,,1,
1,,"Case Study: San Francisco Bay Area, California",FHWA,"a case study in measuring accessibility, www.fhwa.dot.gov/planning/toolbox/sanfrancisco_overview.htm",,,,,,,,,,,1,
1,,Transportation and Environmental Analysis of the Atlantic Steel Development Proposal,W. Schroeer,"U.S. Environmental Protection Agency, Washington, D.C.,",,,,,,,,,,,1,
1,,"There Is a Hybrid in Your Future – Tomorrow’s Development Will Look Like Today’s, Only More So",R. Ewing,Planning,,,,,,,,,,,1,
1,,"ABest Land Use Practices, pp. 17-44",,,,,,,,,,,,,1,
1,,"ABest Land Use Practices, pp. 53-84",,,,,,,,,,,,,1,
1,,Toward an Urban Design Manifesto,"A. Jacobs and D. Appleyard,",Journal of the American Planning Association,,,,,,,,,,,1,
1,,Pedestrian- and Transit-Friendly Design,R. Ewing,Florida Department of Transportation,,,,,,,,,,,1,
1,,"The Common Language of Space: A Way of Looking at the Social, Economic and Environmental Functioning of Cities on a Common Basis",B. Hillier,www.spacesyntax.com/publications/commonlang.html,,,,,,,,,,,1,
1,,Building Roads in Sync with Community Values,H. Peaks and S. Hayes,Public Roads,,,,,,,,,,,1,
1,,From Highway to My Way,R. Ewing,Planning,,,,,,,,,,,1,
1,,"Traffic Calming State-of-the-Practice,Chapters 1, 3, 5, and 10",R. Ewing,"Traffic Calming State-of-the-Practice, www.ite.org/traffic/tcstate.htm#tcsop",,,,,,,,,,,1,
1,,Middle Age Sprawl:  BART and Urban Development,J. Landis and R. Cervero,Access,,,,,,,,,,,1,
1,,"Highways and Metropolitan Development: Questions, Evidence, and Policy Implications",M. Boarnet and A. Haughwout,paper available from the authors,,,,,,,,,,,1,
1,,Why Are the Roads So Congested?  A Companion Analysis of the Texas Transportation Institute’s Data on Metropolitan Congestion,STPP,www.transact.org/Reports/constr99/default.htm,,,,,,,,,,,1,
1,,A Transportation Modeling Primer,E. Beimborn,"Center for Urban Transportation Studies, University of Wisconsin-Milwaukee, www.uwm.edu/Dept/CUTS/primer.htm",,,,,,,,,,,1,
1,,Travel Model Improvement Program:  A Program Description,G. Shunk,"Texas Transportation Institute, College Station, TX",,,,,,,,,,,1,
1,,Sketch Planning Models for Coordinated Land Use and Transportation Planning,Ewing and K. Tilbury,Sketch Planning Models for Coordinated Land Use and Transportation Planning,,,,,,,,,,,1,
1,,AFloridas Growth Management Learning Curve,R. Ewing,Virginia Environmental Law Journal,,,,,,,,,,,1,
1,,Potential:  Lessons from Around the Country,"H. Dittmar, B. McCann, and G. Ohland, ARealizing","Surface Transportation Policy Project, Washington, D.C",,,,,,,,,,,1,
1,,Moving Beyond Gridlock,R. Dunphy,Moving Beyond Gridlock,,,,,,,,,,,1,
1,,History of Urban Form Before the Industrial Revolutions. England,"Morris, AEJ ",History of Urban Form Before the Industrial Revolutions. England,,,,,,,,,1,,,
1,,"Smokestacks and Progressives: Environmentalists, Engineers, and Air Quality in America, 1881-1951.","Stradling, David","Smokestacks and Progressives: Environmentalists, Engineers, and Air Quality in America, 1881-1951.",,,,,,,,,1,,,
1,,Chapter 2: The Transportation Revolution and the Erosion of the Walking City,"Jackson, Kenneth",Crabgrass Frontier: The Suburbanization of the United States.,,,,,,,,,1,,,
1,,Chapter 5: The Main Line: Elite Suburbs and Commuter Railroads,"Jackson, Kenneth",Crabgrass Frontier: The Suburbanization of the United States.,,,,,,,,,1,,,
1,,Chapter 6: The Time of the Trolley,"Jackson, Kenneth",Crabgrass Frontier: The Suburbanization of the United States.,,,,,,,,,1,,,
1,,Chapter 9: The New Age of Automobility,"Jackson, Kenneth",Crabgrass Frontier: The Suburbanization of the United States.,,,,,,,,,1,,,
1,,Chapter 11: Federal Subsidy and the Suburban Dream: How Washington Changed the American Housing Market,"Jackson, Kenneth",Crabgrass Frontier: The Suburbanization of the United States.,,,,,,,,,1,,,
1,,"ourgeois Utopias: The Rise and Fall of Suburbia, 155-172","Fishman, R.",ourgeois Utopias: The Rise and Fall of Suburbia,,,,,,,,,1,,,
1,,From Garden Cities of Tomorrow,"Howard, Ebenezer",The City Reader,,,,,,,,,1,,,
1,,From The City of To-morrow and Its Planning,Le Corbusie,The City Reader,,,,,,,,,1,,,
1,,"Toward New Towns for America, 37-54","Stein, Clarence",Toward New Towns for America,,,,,,,,,1,,,
1,,Radburn and the American Planning Movement: The Persistence of an Idea,"Birch, Eugene L.",APA Journal,,,,,,,,,1,,,
1,,Land Use Zoning as Transportation Regulation,"Pickrell, DH & D.C. Shoup",Transportation Research Record,,,,,,,,,1,,,
1,,"Race and the Shaping of Twentieth-Century Atlanta, 53-69","Bayor, Richard",Race and the Shaping of Twentieth-Century Atlanta,,,,,,,,,1,,,
1,,"The Old Neighborhood: What We Lost in the Great Suburban Migration, 122-139","Suarez, Ray",The Old Neighborhood: What We Lost in the Great Suburban Migration,,,,,,,,,1,,,
1,,Environmental Justice in Transportation Planning,"Forkenbrock, David & Lisa A. Schweitzer",Journal of the American Planning Association,,,,,,,,,1,,,
1,,"The Economy of the Earth: Philosophy, Law, and the Environment,1-23","Sagoff, Mark","The Economy of the Earth: Philosophy, Law, and the Environment",,,,,,,,,1,,,
1,,"The Urban Transport Crisis,7-42 ","Pucher, John & Christian Lefevre",The Urban Transport Crisis,,,,,,,,,1,,,
1,,Effect of Neo- Traditional Neighborhood Design on Travel Characteristics,"Friedman, Bruce, Stephanie Gordon, & John Peers",Transportation Research Record,,,,,,,,,1,,,
1,,"Blue Skies, Green Politics, 41-78","Bryner, Gary C","Blue Skies, Green Politics",,,,,,,,,1,,,
1,,"Fundamentals of Air Pollution, 99-109","Boubel, Richard et al.",Fundamentals of Air Pollution,,,,,,,,,1,,,
1,,"Earth Science, 388-401","Tarbuck, Edward J. & Frederick K. Lutgens",Earth Science,,,,,,,,,1,,,
1,,Atmospheric Chemistry of Tropospheric Ozone Formation: Scientific and Regulatory Implications,"Finlayson-Pitts, BJ & JN Pitts, Jr.",Air & Waste,,,,,,,,,1,,,
1,,"Natural Hydrocarbons, Urbanization, and Urban Ozone","Cardelino, CA & WL Chameides",Journal of Geophysical Research,,,,,,,,,1,,,
1,,Transportation and Global Climate Change: A Review and Analysis of the Literature,,"US Department of Transportation, Federal Highway Administration, and Office of Environment and Planning",,,,,,,,,1,,,
1,,Urban Form and Thermal Efficiency: How the Design of Cities Influences the Urban Heat Island Effect,"Stone, Brian Jr. & Michael O. Rodgers",Journal of the American Planning Association,,,,,,,,,1,,,
1,,Linking Land Use with Household Vehicle Emissions in the Central Puget Sound: Methodological Framework and Findings,"Frank, Lawrence D., Stone, Brian Jr., & Bachman, William",Transportation Research Part D: Transport and Environment,,,,,,,,,1,,,
1,,Air Quality and Travel Behavior: Untying the Knot,"Bae, Chang-Hee Christine",APA Journal,,,,,,,,,1,,,
1,,"Bowling Alone: The Collapse and Revival of American Community, 204-246","Putnam, Robert",Bowling Alone: The Collapse and Revival of American Community,,,,,,,,,1,,,
1,,"The Next American Metropolis: Ecology, Community, and the American Dream,9-38","Calthorpe, Peter","The Next American Metropolis: Ecology, Community, and the American Dream",,,,,,,,,1,,,
1,,"The Geography of Nowhere, 113-131 ","Kunstler, James",The Geography of Nowhere,,,,,,,,,1,,,
1,,"Intelligent Transportation Systems, Land Use, and Sustainable Transportation","Hodge, David C. ","Paper presented at ITS America, Washington, DC, March 13, 1-28",,,,,,,,,1,,,
1,,"Telecommunications and the City: Electronic Spaces, Urban Places, 278-310","Graham, Stephen & Simon Marvin","Telecommunications and the City: Electronic Spaces, Urban Places",,,,,,,,,1,,,
1,,Traditional Neighborhood Development: Will the Traffic Work?,"Kulash, Walter","Paper presented at the Eleventh Annual Pedestrian Conference, Bellvue, Washington",,,,,,,,,1,,,
1,,Chapter 1: Transit and the Metropolis: Finding Harmony,"Cervero, Robert",Transit and the Metropolis,,,,,,,,,1,,,
1,,Site Design and Pedestrian Travel,"Hess, PM, AV Moudon, MC Snyder, & K Stanilov",Transportation Research Record,,,,,,,,,1,,,
1,,"Chapter 4: Orbiting the City with Rail-Served Satellites: Stockholm, Sweden OR Cervero, Chapter 5: The Hand-Shaped Metropolis: Copenhagen, Denmark","Cervero, Robert",Transit and the Metropolis,,,,,,,,,1,,,
1,,"Chapter 9: Busways and the Hybrid Metropolis: Ottawa, Canada","Cervero, Robert",Transit and the Metropolis,,,,,,,,,1,,,
1,,"Chapter 10: Creating a Linear City with a Surface Metro: Curitiba, Brazil","Cervero, Robert",Transit and the Metropolis,,,,,,,,,1,,,
1,,"Chapter 11: Creating First-Class Transit with Transit-first Policies: Zurich, Switzerland OR Cervero, Chapter 13: Adaptive Light Rail Transit: Karlsruhe, Germany","Cervero, Robert",Transit and the Metropolis,,,,,,,,,1,,,
1,,Chapter 16: Drawing Lessons and Debunking Myths,"Cervero, Robert",Transit and the Metropolis,,,,,,,,,1,,,
1,,Chapter 17: North America's Aspiring Transit Metropolises,"Cervero, Robert",Transit and the Metropolis,,,,,,,,,1,,,
1,,EPA Guidance: Improving Air Quality Through Land Use Activities (2001),,"Office of Transportation and Air Quality, EPA",,,,,,,,,1,,,
1,,Air Quality by Design: Harnessing the Clean Air Act to Manage Growth,"Stone, Brian Jr",Unpublished manuscript,,,,,,,,,1,,,
1,,Wisconsin Smart Growth Legislation,,,,,,,,,,,1,,,
1,,Sprawl Busting: State Programs to Guide Growth,"Weitz, Jerry",Chicago: American Planning Association,,,,,,,,,1,,,
1,,"Transportation for Livable Cities, Chapters 1 and 8","Vuchic, Vukan R",Transportation for Livable Cities.,,,,,,1,,,,,,
1,,"Transportation for Livable Cities, Chapter 3","Vuchic, Vukan R",Transportation for Livable Cities.,,,,,,1,,,,,,
1,,"Transportation for Livable Cities, Chapter 2","Vuchic, Vukan R",Transportation for Livable Cities.,,,,,,1,,,,,,
1,,"Transportation for Livable Cities, Chapter 6","Vuchic, Vukan R",Transportation for Livable Cities.,,,,,,1,,,,,,
1,,"Transportation for Livable Cities, Chapter 7","Vuchic, Vukan R",Transportation for Livable Cities.,,,,,,1,,,,,,
1,,"Transportation for Livable Cities, Chapter 4","Vuchic, Vukan R",Transportation for Livable Cities.,,,,,,1,,,,,,
1,,"Transportation for Livable Cities, Chapter 5","Vuchic, Vukan R",Transportation for Livable Cities.,,,,,,1,,,,,,
1,,"Chapter 4, ""The Planners and Transit,""  and Chapter 5, ""The Planners and the Automobile,""","Foster, Mark S.",From Streetcar to Superhighway:  American City Planners and Urban Transportation,,,,,,1,,,,,,
1,,"The Urban Transportation System:  Politics and Policy Innovation, Chapter 2","Altshuler, Alan with James P. Womack and John R. Pucher.",The Urban Transportation System:  Politics and Policy Innovation,,,,,,1,,,,,,
1,,"Chapter 10:  ""A War Abroad, A Conflict at Home,"" (electronic reserves) and Chapter 11:  ""Interstate Socialism.""","Goddard, Stephen B.",Getting There:  The Epic Struggle Between Road and Rail in the American Century,,,,,,1,,,,,,
1,,"Urban Economics and Public Policy, Chapter 5","Heilbrun, James.",Urban Economics and Public Policy,,,,,,1,,,,,,
1,,"Suburban Gridlock, Chapter 2","Cervero, Robert ",Suburban Gridlock,,,,,,1,,,,,,
1,,"Urban Economics and Public Policy, Chapter 6","Heilbrun, James",Urban Economics and Public Policy,,,,,,1,,,,,,
1,,"Urban Transportation Modeling and Planning, Chapter 3","Stopher, Peter R and Arnim H. Meyburg",Urban Transportation Modeling and Planning,,,,,,1,,,,,,
1,,"Urban Transportation Modeling and Planning, Chapter 7","Stopher, Peter R. and Arnim H. Meyburg",Urban Transportation Modeling and Planning,,,,,,1,,,,,,
1,,"Urban Transportation Modeling and Planning, Chapter 8","Stopher, Peter R. and Arnim H. Meyburg",Urban Transportation Modeling and Planning,,,,,,1,,,,,,
1,,"Transportation Demand Analysis, Chapter 7","Kanafani, Adib K.",Transportation Demand Analysis,,,,,,1,,,,,,
1,,"Urban Transportation Modeling and Planning, Chapter 10","Stopher, Peter R. and Arnim H. Meyburg",Urban Transportation Modeling and Planning,,,,,,1,,,,,,
1,,Twenty-One Sources of Error and Bias in Transport Project Appraisal,"Mackie, Peter and John Preston", Transport Policy,,,,,,1,,,,,,
1,,nnovation in Transportation and Land Use as Expansion of Household Choice,"Levine, Jonathan, Aseem Inam and Gwo-Wei Torng",www-personal.umich.edu/~jlevine/downloads/innovation.doc,,,,,,1,,,,,,
1,,Economic Fundamentals of Road Pricing,"Hau, Timothy D","Infrastructure and Urban Development, The World Bank",,,,,,1,,,,,,
1,,The Political Economy of Highway Tolls and Congestion Pricing,"Gomez-Ibanez, Jose",Transportation Quarterly,,,,,,1,,,,,,
1,,Overcoming Public Aversion to Congestion Pricing,"Harrington, Winston, Alan J. Krupnick and Anna Alberini",Transportation Research A,,,,,,1,,,,,,
1,,Transportation Pricing's Conditional Promise:  Promotion of Accessibility or Mobility? ,"Levine, Jonathan and Yaakov Garb",www.umich.edu/~jlevine/downloads/promise.doc,,,,,,1,,,,,,
1,,Ten Myths about US Urban Rail Systems,"Rubin, Thomas A., James E. Moore II and Shin Lee",Transport Policy ,,,,,,1,,,,,,
1,,"Ten Myths about US Urban Rail Systems by Thomas Rubin, James Moore, and Shin Lee – A Rejoinder","Stanger, R",Transport Policy,,,,,,1,,,,,,
1,,All Aboard,"Motavalli, Jim.",Sierra,,,,,,1,,,,,,
1,,The Connection between Public Transit and Employment:  The Cases of Portland and Atlanta,"Sanchez, Thomas W",Journal of the American Planning Association,,,,,,1,,,,,,
1,,Patterns of Automobile Dependence in Cities:  An International Overview of Key Physical and Economic Dimensions with Some Implications for Policy,"Kenworthy, Jeffrey R. and Felix B. Laube",Transportation Research A,,,,,,1,,,,,,
1,,Demand Management as an Element of Transportation Policy:  Using Carrots and Sticks to Influence Travel Behavior,"Meyer, Michael D.",Transportation Research A,,,,,,1,,,,,,
1,,Traffic Impact Analysis,"Greenberg, Froda",Traffic Impact Analysis,,,,,,,,1,,,,
1,,Mixed Land-Uses and Commuting: Evidence from the American Housing Survey,"Cervero, Robert",Transportation Research A,,,,,,,,1,,,,
1,,"Transit Metropolis: A Global Inquiry, (pp. 72-81)","Cervero, Robert",Transit Metropolis,,,,,,,,1,,,,
1,,Land Use Impacts on Trip Generation Rates,"Ewing, Reid, M. Deanna, and S. Li",Transportation Research Record,,,,,,,,1,,,,
1,,"Public Transportation and Land Use Policy, pp. 24-63","Pushkarev, Boris, and Jeffrey Zupan",Public Transportation and Land Use Policy,,,,,,,,1,,,,
1,,Wasteful Commuting,"Hamilton, Bruce",Journal of Political Econom,,,,,,,,1,,,,
1,,Urban commuting Journeys are Not 'Wasteful'.,"White, Michelle. J",Journal of Political Economy,,,,,,,,1,,,,
1,,Wasteful commuting Again,"Hamilton, Bruce, W.",Journal of Political Economy,,,,,,,,1,,,,
1,,"Workplace Location, Residential Location, and Urban Commuting","Simpson, Wayne",Urban Studies,,,,,,,,1,,,,
1,,Is Journey to Work Explained by Urban Structure?,"Giuliano, Genevieve, and Kenneth Small",Urban Studies,,,,,,,,1,,,,
1,,The Influence of Metropolitan Spatial Structure on Commuting Time,"Gordon, Peter, Ajay Kumar, and Harry Richardson",Journal of Urban Economics,,,,,,,,1,,,,
1,,A Global View of Automobile Dependence,"Gomez-Ibanez, Jose",Journal of the American Planning Association,,,,,,,,1,,,,
1,,Is There a Role for Physical Planners?,"Newman, Peter, and Jeffrey Kenworthy",Journal of the American Planning Association,,,,,,,,1,,,,
1,,"Urban Form, Energy and the Environment: A Review of Issues, Evidence and Policy","Anderson, William, P., P. S. Kanaroglou, and Eric Miller",Urban Studies,,,,,,,,1,,,,
1,,Urban Development and Transport  Patterns in Developed Counties in an Era of Expensive Energy,"Kain, John, F",Research in Urban Economics,,,,,,,,1,,,,
1,,A Theoretical Framework for the Interactions Among Models in the Integrated Transportation and Land-Use Package,"Miller, H.W.",Environment and Planning A,,,,,,,,1,,,,
1,,Linked Simulation of Land Use and Transportation Systems: Developments and Experience in the Puget Sound Region,"Watterson, W. T.",Transportation Research A ,,,,,,,,1,,,,
1,,Land Use Transportation Models for Policy Analysis,Mackett,Transportation Research Record,,,,,,,,1,,,,
1,,"Urban Land-Use and Transportation Interaction: Policies and Models. Chapters 1-6, 20-21","Webster, F., P. Bly, and N.J. Paulley",Urban Land-Use and Transportation Interaction: Policies and Models.,,,,,,,,1,,,,
1,,Land Use/Transportation Planning: New Possibilities for Developing and Developed Countries,"Gakenheimer, Ralph",Transportation Quarterly,,,,,,,,1,,,,
1,,"Transportation Statistics Annual Report 1997: Mobility and Accessibility, Chapters 6, 7, 8, and 9",Bureau of Transportation Statistics,Transportation Statistics Annual Report 1997: Mobility and Accessibility,,,,,,,,1,,,,
1,,How Accessibility Shapes Land Use,"Hansen, Walter, G.",Journal of the American Institute of Planners,,,,,,,,1,,,,
1,,A Concept of Accessibility: A Search for an Optimal Form,"Ingram, D. R.",Regional Studies ,,,,,,,,1,,,,
1,,Physical Accessibility as a Social Indicator.,"Wachs, Martin, and Gordon Kumagai",Socio-Economic Planning Science,,,,,,,,1,,,,
1,,Accessibility and Intraurban Travel,"Hanson, S., and M. Schwab",Environment and Planning A,,,,,,,,1,,,,
1,,Public Investment and Productivity Growth in the Group of Seven,"Aschauer, David. A",Economic Perspectives,,,,,,,,1,,,,
1,,Effects of Public Investments on Urban Land Values,"Czamanski, S. ",Journal of the American Institute of Planners,,,,,,,,1,,,,
1,,Infrastructure Investment: A Review Essay,"Gramlich, Edward",Journal of Economic Literature ,,,,,,,,1,,,,
1,,Highway Capacity and Economic Growth,"Aschauer, David, A",Economic Perspectives,,,,,,,,1,,,,
1,,Transportation Statistics Annual Report 1995: The Economic Performance of Transportation. Chapter 5 and Chapter 7,ureau of Transportation Statistics,Transportation Statistics Annual Report 1995: The Economic Performance of Transportation.,,,,,,,,1,,,,
1,,Infrastructure Services and the Productivity of Public Capital: The Case of Streets and Highways,"Boarnet, Marlon",National Tax Journal,,,,,,,,1,,,,
1,,Land Values and the Measurement of Highway Benefits,"Mohring, Herbert",Journal of Political Economy,,,,,,,,1,,,,
1,,Adverse Impacts of the Washington Beltway on Residential Property Values,"Langley, C. John",Land economics,,,,,,,,1,,,,
1,,The Indirect Effects of Highway Investment,"Gwilliam, K. M",Regional Studies,,,,,,,,1,,,,
1,,The Value of Automobile Travel Time: Implications fro Congestion Policy,"Calfee, John, and Clifford Winston",Journal of Public Economics,,,,,,,,1,,,,
1,,Economic Impacts of Transit on Cities,"Neuwirth, Roanne",Transportation Research Record,,,,,,,,1,,,,
1,,The Effect of a Subway on Residential Property Values in Toronto,"Dewees, D.",Journal of Urban Economics,,,,,,,,1,,,,
1,,Light-Rail Transit Stations and Property Values: A Hedonic Price Approach,"Al-Mosaind, M., K. Dueker, and J. Strathman",ransportation Research Record,,,,,,,,1,,,,
1,,"Transportation Statistics Annual Report 1996: Transportation and the Environment, Chapters 6, 7, 8, and 9",Bureau of Transportation Statistics,Transportation Statistics Annual Report 1996: Transportation and the Environment,,,,,,,,1,,,,
1,,"ousing Segregation, Negro Employment, and Metropolitan Decentralization","Kain, John, F.",Quarterly Journal of Economics,,,,,,,,1,,,,
1,,The Spatial Mismatch Hypothesis: A Review of Studies and Their Implications for Welfare Reform,"Ihlanfeldt, Keith R., and David Sjoquist",Housing Policy Debate,,,,,,,,1,,,,
1,,Teenage Employment and the Spatial Isolation of Minority and Poverty Households,"O'Regan, Katherine, and John Quigley",Journal of Human Resources,,,,,,,,1,,,,
1,,The Spatial Mismatch Hypothesis: What Has the Evidence Shown?,"Holzer, Harry",Urban studies,,,,,,,,1,,,,
1,,Employment Decentralization and Accessibility: A Strategy for Stimulating Regional Mobility,"Hughes, Mark A.",Journal of the American Planning Association,,,,,,,,1,,,,
1,,Can Transportation Strategies Help Meet the Welfare Challenge? ,"Wachs, Martin, and Brian Taylor",Journal of the American Planning Association,,,,,,,,1,,,,
1,,Can Land-Use Policy Really Affect Travel Behavior? A Study of the Link Between Non-Work Travel and Land-Use Characteristics,"Boarnet, Marlon, and Sharon Sarmiento",Urban studies,,,,,,,,1,,,,
1,,What Can You Really Achieve With Neotraditional Design Standards?,"Deka, Deva, and Genevieve Giuliano.","Paper prepared from presentation at the International Conference on Urban Form, Cincinnati",,,,,,,,1,,,,
1,,The Commuting Paradox: Evidence from the Top Twenty,"Gordon, Peter, and Harry W. Richardson",Journal of the American Planning Association,,,,,,,,1,,,,
1,,Bay Area Economic Forum on pricing,,,,,,,,,1,,,,,
1,,An Opportunity to Reduce Minimum Parking Requirements,Shoup: ,An Opportunity to Reduce Minimum Parking Requirements,,,,,,,1,,,,,
1,," Transportation Control Measures; Jones, Urban Transit Policy Ch1 and 4",Lee:," Transportation Control Measures; Jones, Urban Transit Policy ",,,,,,,1,,,,,
1,,A Desire Named Streetcar,Pickrell,,,,,,,,1,,,,,
1,,Sustainable Benefits of Transit,Williams,,,,,,,,1,,,,,
1,,The Urban Transportation Problem,"Meyer, Kain, and Wohl",,,,,,,,1,,,,,
1,,"Autos, Transit, and Cities",Gomez-Ibanez and Meyer,,,,,,,,1,,,,,
1,,Urban Transit Policy: An Economic and Political History,Jones,,,,,,,,1,,,,,
1,,The Urban Transportation System: Politics and Policy Innovation,Altshuler,,,,,,,,1,,,,,
1,,"TDM, Promise or Panacea?",Giuliano,,,,,,,,1,,,,,
1,,TRB News,,,,,,,,,1,,,,,
1,,Travel by design, Crane,,,,,,,,1,,,,,
1,,Gordon and Richardson vs. Ewing on Compact Development,,,,,,,,,1,,,,,
1,,Least-Cost Planning and benefit-cost analysis,ECO for FHWA,,,,,,,,1,,,,,
1,,A Child's Guide to Travel Forecasting,Jacobs,,,,,,,,1,,,,,
1,,"TPR, funding",,,,,,,,,1,,,,,
1,,TEA-21,,,,,,,,,1,,,,,
0,,,,,,,,,,,,,,,,
0,,,,,,,,,,,,,,,,
0,,Automobile subsidies and land use: Estimates and policy responses,"Hanson, Susan.",Journal of the American Planning Association,,,,,,,,,,,,
0,,,,,,,,,,,,,,,,
0,,The Rationale for Government Intervention,"Whitehead, Christine",Urban Land Policy: Issues and Opportunities,,,,,,,,,,,,
0,,Zoning and Land Use Planning: An Economic Perspective,"Wheaton, William C. ",Zoning and the American Dream: Promises Still to Keep,,,,,,,,,,,,
0,,"Urban Traffic: A Function of Land Use. Chpts. 2-5, and 7","Mitchell, R. B. and C. Rapkin",Urban Traffic: A Function of Land Use,,,,,,,,,,,,
0,,,,,,,,,,,,,,,,
0,,,,,,,,,,,,,,,,
0,,Towards a Behavioral integration of land use and transportation modeling,"Waddell, P.",,,,,,,,,,,,,
0,,current and Future Land Use Models,"Wegener, M.",,,,,,,,,,,,,
0,,,,,,,,,,,,,,,,
0,,,,,,,,,,,,,,,,
0,,,,,,,,,,,,,,,,
0,,,,,,,,,,,,,,,,
0,,,,,,,,,,,,,,,,
0,,,,,,,,,,,,,,,,
0,,,,,,,,,,,,,,,,
